Tablero;SIGLA;DESCRIPCION;W;F1;F2;F3;mm2;A;mA;AMP.;N CTO;EQUIPO CLIMA
L7-207-LTPO-TDAF-001;LTPO;ALUMBRADO COCINA Y LT (1 LUM. 12W, 1 LUM. 17W);30;R;;;2.5;-;-;10;1;NO
L7-207-LTPO-TDAF-001;LTPO;CLIMA CONTROL DE ACCESO L7-E00-PORT-UIS/UES-01;800;R;;;2.5;25.00;30.00;10;2;Sí
L7-207-LTPO-TDAF-001;LTPO;ALUBRADO EXTERIOR SUR (5 LU. 140W);700;;S;;4;25.00;30.00;10;3;NO
L7-207-LTPO-TDAF-001;LTPO;CLIMA ZONA ESTANCIA PEATONAL L7-E00-PORT-UIS/UES-02;1600;;S;;2.5;25.00;30.00;16;4;Sí
L7-207-LTPO-TDAF-001;LTPO;ENCHUFES GENERAL PORTERIA;900;;;T;2.5;25.00;30.00;10;5;NO
L7-207-LTPO-TDAF-001;LTPO;CLIMA SALA VIGILANCIA L7-E00-PORT-UIS/UES-03;1600;;;T;2.5;25.00;30.00;16;6;Sí
L7-207-LTPO-TDAF-001;LTPO;ALUMBRADO AUTÓNOMO (2 LUM. 26W);50;R;;;2.5;-;-;10;7;NO
L7-207-LTPO-TDAF-001;LTPO;ENCHUFES Y SECAMANOS BAÑO 1;1150;R;;;2.5;25.00;30.00;10;8;NO
L7-207-LTPO-TDAF-001;LTPO;ENCHUFES Y SECAMANSOS BAÑO 2;1150;;S;;2.5;25.00;30.00;10;9;NO
L7-207-LTPO-TDAF-001;LTPO;EXTRACTOR BAÑO 1 Y 2 L7-E00-PORT-VEC-001;70;;S;;2.5;25.00;30.00;10;10;Sí
L7-207-LTPO-TDAF-001;LTPO;VENTILADOR GENERAL PORTERIA L7-E00-PORT-VIN-001;200;;;T;2,.5;25.00;30.00;10;11;Sí
L7-207-LTPO-TDAF-001;LTPO;RESERVA;;;;T;-;-;-;10;12;NO
L7-207-LTPO-TDAF-001;LTPO;ALUMBRADO GENERAL PORTERÍA (7 LUM. 12W, 8 LUM. 36W);370;R;;;2.5;-;-;10;13;NO
L7-207-LTPO-TDAF-001;LTPO;RESERVA;;R;;;-;-;-;10;14;NO
L7-207-LTPO-TDAF-001;LTPO;ENCHUFES COCINA;2250;;S;;2.5;25.00;30.00;16;15;NO
L7-207-LTPO-TDAF-001;LTPO;ALUMBRADO EXTERIOR NORTE (4 LUM. 140W);560;;S;;4;25.00;30.00;10;16;NO
L7-207-LTPO-TDAF-001;LTPO;ALUMBRADO EXTERIOR PORTERÍA (14 LUM. 17W);240;;;T;2.5;25.00;30.00;10;17;NO
L7-207-LTPO-TDAF-001;LTPO;ENCHUFES SALA VIGILANCIA Y ACCESO;1500;;;T;4;25.00;30.00;10;18;NO
L7-207-LTPO-TDAF-001;LTPO;RESERVA;;R;;;-;-;-;10;19;NO
L7-207-LTPO-TDAF-001;LTPO;RESERVA;;R;;;-;-;-;10;20;NO
L7-207-LTPO-TDAF-001;LTPO;RESERVA;;;S;;-;-;-;10;21;NO
L7-207-LTPO-TDAF-001;LTPO;RESERVA;;;S;;-;-;-;10;22;NO
L7-207-LTPO-TDAF-001;LTPO;CONTROL DE ALUMBRADO L7-207-LTPO-TDAF-001;100;;;T;-;-;-;10;23;NO
L7-207-LTPO-TDAF-001;LTPO;CIRCUITO CONTROL EXTERIOR;50;;;T;2.5;25.00;30.00;10;24;NO
L7-207-LTPO-TAE-001;LTPO;ALUMB. EMERGENCIA PORTERÍA (8 LU. 12W, 1 LUM. 17W, 5 LUM. 36W);290;R;;;2.5;-;-;10;1;NO
L7-207-LTPO-TAE-001;LTPO;CERCO ELÉCTRICO E1 y E2;10;R;;;2.5;25.00;30.00;10;2;NO
L7-207-LTPO-TAE-001;LTPO;TABLERO L7-207-COM-003 TABLERO COMUNICACIONES OOCC;500;;S;;2.5;-;-;10;3;NO
L7-207-LTPO-TAE-001;LTPO;RESERVA;;;S;;-;-;-;10;4;NO
L7-207-LTPO-TAE-001;LTPO;RESERVA;;;;T;-;25.00;30.00;10;5;NO
L7-207-LTPO-TAE-001;LTPO;RESERVA;;;;T;-;-;-;10;6;NO
L7-207-LTPO-TAE-001;LTPO;ALUMBRADO EXTERIOR EMERGENCIA (7 LUM 140W);980;R;;;4;25.00;30.00;10;7;NO
L7-207-LTPO-TAE-001;LTPO;PANEL DE INCENDIO;500;R;;;2.5;;;10;8;NO
L7-207-LTPO-TAE-001;LTPO;RESERVA;;;S;;-;-;-;10;9;NO
L7-207-LTPO-TAE-001;LTPO;RESERVA;;;S;;-;-;-;10;10;NO
L7-207-LTPO-TAE-001;LTPO;ALIM. TABLERO CONTROL DE ALUMBRADO L7-207-LTPO-TCA-001;100;;;T;2.5;-;-;10;11;NO
L7-207-LTPO-TAE-001;LTPO;RESERVA;;;;T;-;-;-;10;12;NO
L7-207-LTSL-TDAF-001;LTSL;CIRCUITOS ENCHUFE EJE NORTE;5000;R;S;T;35;-;-;32;1;NO
L7-207-LTSL-TDAF-001;LTSL;CIRCUITOS ENCHUFE EJE CENTRAL;5000;R;S;T;25;-;-;32;2;NO
L7-207-LTSL-TDAF-001;LTSL;CIRCUITO ENCHUFE EJE CENTRAL 2;5000;R;S;T;16;-;-;32;3;NO
L7-207-LTSL-TDAF-001;LTSL;CIRCUITOS ENCHUFE EJE SUR;5000;R;S;T;16;-;-;32;4;NO
L7-207-LTSL-TDAF-001;LTSL;CIRCUITOS ENCHUFE NAVE LAVADO;10000;R;S;T;50;-;-;63;5;NO
L7-207-LTSL-TDAF-001;LTSL;TERMOS ELECTRICOS;2000;R;S;T;4;25.00;30.00;16;6;NO
L7-207-LTSL-TDAF-001;LTSL;ALUMBRADO COCHERA GALPÓN (27 LUMINARIAS 190W c/u);1710;R;S;T;25;25.00;30.00;16;7;NO
L7-207-LTSL-TDAF-001;LTSL;ALUMBRADO COCHERA GALPÓN (27 LUMINARIAS 190W c/u);1710;R;S;T;25;25.00;30.00;16;8;NO
L7-207-LTSL-TDAF-001;LTSL;ALUMBRADO COCHERA GALPÓN (28 LUMINARIAS 190W c/u);887;R;S;T;25;25.00;30.00;16;9;NO
L7-207-LTSL-TDAF-001;LTSL;ENCHUFES DE SERVICIO FOSO 1 (C04);10000;R;S;T;50;-;-;63;10;NO
L7-207-LTSL-TDAF-001;LTSL;ENCHUFES DE SERVICIO FOSO 1 (C02);10000;R;S;T;50;-;-;63;11;NO
L7-207-LTSL-TDAF-001;LTSL;ALUMBRADO RESDUERZOCOCHERA GALPÓN (18 LUMINARIAS 190W c/u);1140;R;S;T;2.5;25.00;30.00;16;12;NO
L7-207-LTSL-TDAF-001;LTSL;ENCHUFES SALA SUPERVISOR, ENTRADA Y PASILLO;1350;R;S;T;6;25.00;30.00;10;13;NO
L7-207-LTSL-TDAF-001;LTSL;EQUIPOS CLIMA SUPERVISOR LAVADO TRENES L7-247-EDSC-UIS/UES-01;1600;R;;;2.5;25.00;30.00;16;14;Sí
L7-207-LTSL-TDAF-001;LTSL;EQUIPOS CLIMA ACCESO PERMANENCIA L7-247-EDSC-UIS/UES-02;2200;;S;;4;25.00;30.00;16;15;Sí
L7-207-LTSL-TDAF-001;LTSL;RESERVA;0;;S;;-;25.00;30.00;10;16;NO
L7-207-LTSL-TDAF-001;LTSL;ENCHUFES BODEGAS Y RECINTO TECNICO;900;;;T;2.5;25.00;30.00;10;17;NO
L7-207-LTSL-TDAF-001;LTSL;ALUMBRADO NORMAL EDIFICIO SERVICIO LAVADO (10 LUMINARIAS 12W, 5 DE 17W Y 10 DE 36W);670;;;T;2.5;25.00;30.00;10;18;NO
L7-207-LTSL-TDAF-001;LTSL;ALUMBRADO FOSO 1 (C04) (67 LUM. DE 17W);1139;R;;;2.5;25.00;30.00;16;19;NO
L7-207-LTSL-TDAF-001;LTSL;ALUMBRADO FOSO 1 (C02) (67 LUM. DE 17W);1139;R;;;2.5;25.00;30.00;16;20;NO
L7-207-LTSL-TDAF-001;LTSL;RESERVA;;;S;;6;-;-;10;21;NO
L7-207-LTSL-TDAF-001;LTSL;ALUMBRADO AUTÓNOMO GALPÓN (48 LUM.DE 26W);1248;;S;;2.5;-;-;10;22;NO
L7-207-LTSL-TDAF-001;LTSL;ALUMBRADO SALA DE COMPRESORES;500;R;;;4;25.00;30.00;10;23;NO
L7-207-LTSL-TDAF-001;LTSL;CIRCUITO DE CONTROL DE ALUMBRADO INTERNO;100;;;T;-;-;-;10;24;NO
L7-207-LTSL-TDAF-001;LTSL;BATERÍA ELÉCTRICA CALEFACCIÓN L7-247-EDSC-BEC-001;3000;R;S;T;4;-;-;20;25;Sí
L7-207-LTSL-TDAF-001;LTSL;ALUMBRADO PERÍMETRO SUR Y PATIO MANIOBRAS (37 LUM. DE 140W);1727;R;S;T;35;25.00;30.00;16;26;NO
L7-207-LTSL-TDAF-001;LTSL;ALUMBRADO EXTERIOR PONIENTE (15 LUM. DE 140W);700;R;S;T;6;25.00;30.00;10;27;NO
L7-207-LTSL-TDAF-001;LTSL;ALUMBRADO VIA PRUEBAS Y FOSO VISITAS (14 LUM. DE 17W Y 11 LUM. DE 140W);593;R;;;10;25.00;30.00;10;28;NO
L7-207-LTSL-TDAF-001;LTSL;ALUMBRADO EXTERIOR FACHADA COCHERAS;1000;R;S;T;6;25.00;30.00;10;29;NO
L7-207-LTSL-TDAF-001;LTSL;CIRCUITO ENCHUFE DE FUERZA MÁQUINA LAVADO;5000;R;S;T;-;;;32;30;NO
L7-207-LTSL-TDAF-001;LTSL;ENCHUFE DE FUERZA EDIFICIO COMPRESORES;5000;R;S;T;35;-;-;32;31;NO
L7-207-LTSL-TDAF-001;LTSL;RESERVA;;R;S;T;-;-;-;25;32;NO
L7-207-LTSL-TDAF-001;LTSL;VENTILADOR SERVICIOS LAVADO L7-247-EDSC-VEC-01;500;R;;;2.5;25.00;30.00;10;33;Sí
L7-207-LTSL-TDAF-001;LTSL;VENTILADOR SERVICIOS LAVADO L7-247-EDSC-VIN-01;1300;R;;;2.5;25.00;30.00;10;34;Sí
L7-207-LTSL-TDAF-001;LTSL;ALUMBRADO MÁQUINA Y LAVADO BAÑOS (1 LUM DE 26W Y 9 LUM DE 36W);350;;S;;6;25.00;30.00;10;35;NO
L7-207-LTSL-TDAF-001;LTSL;SECADOR DE MANOS BAÑOS CABINA 1 Y 2;2000;;S;;25;25.00;30.00;16;36;NO
L7-207-LTSL-TDAF-001;LTSL;ENCHUFES Y EXTRACTORES BAÑOS SECTOR CABINAS 1 Y 2 L7-247-EDML-VEA-001;540;;;T;16;25.00;30.00;10;37;Sí
L7-207-LTSL-TDAF-001;LTSL;SECADOR DE MANOS MUJERES;1000;;;T;2.5;25.00;30.00;10;38;NO
L7-207-LTSL-TDAF-001;LTSL;SECADOR DE MANOS DISCAPACITADOS;1000;R;;;2.5;25.00;30.00;10;39;NO
L7-207-LTSL-TDAF-001;LTSL;BOMBA TERMO;100;R;;;4;25.00;30.00;10;40;NO
L7-207-LTSL-TDAF-001;LTSL;EXTRACTORES SALA COMPRESORES L7-247-EDML-VEA-002;350;;S;;6;-;-;10;41;Sí
L7-207-LTSL-TDAF-001;LTSL;CIRCUITO CONTROL EXTRACTORES;100;;S;;2.5;-;-;10;42;NO
L7-207-LTSL-TDAF-001;LTSL;ENCHUFES BAÑOS Y AREAS HUMEDAS;600;;;T;2.5;25.00;30.00;10;43;NO
L7-207-LTSL-TDAF-001;LTSL;SECADOR DE MANOS BAÑOS DISCAPACITADOS CABINAS 1 Y 2;1000;;;T;16;25.00;30.00;16;44;NO
L7-207-LTSL-TDAF-001;LTSL;ALUMBRADO NAVE LAVADO PRINCIPAL (3 LUMINARIAS DE 164W);490;R;;;4;25.00;30.00;10;45;NO
L7-207-LTSL-TDAF-001;LTSL;ALUMBRADO NAVE LAVADO PLATAFORMA NIVEL ANDEN (25 LUMNINARIAS DE 17W c/u);430;R;;;2.5;25.00;30.00;10;46;NO
L7-207-LTSL-TDAF-001;LTSL;ALUMBRADO NAVE LAVADO PLATAFORMA NIVEL ANDEN (49 LUMINARIAS DE 17W c/u);830;;S;;4;25.00;30.00;10;47;NO
L7-207-LTSL-TDAF-001;LTSL;ALUMBRADO NAVE LAVADO FOSO (52 LUMINARIAS DE 17W c/u);880;;S;;4;25.00;30.00;10;48;NO
L7-207-LTSL-TDAF-001;LTSL;ALUMBRADO NAVE LAVADO NIVEL FOSO (71 LUMINARIAS DE 17W c/u);1210;;;T;4;25.00;30.00;10;49;NO
L7-207-LTSL-TDAF-001;LTSL;SECADOR DE MANOS HOMBRES;1000;;;T;2.5;25.00;30.00;10;50;NO
L7-207-SER-TAE-001;SER-;RESERVA;;R;S;T;-;-;-;20;1;NO
L7-207-SER-TAE-001;SER-;L7-E00-SER/SAF-VIN-001 AIRE EXTERIOR SAF 1 (PACCO);2500;R;S;T;4;25.00;30.00;20;2;Sí
L7-207-SER-TAE-001;SER-;L7-E00-SER/SAF-VIN-002 AIRE EXTERIOR SAF 1 (PACCO);2500;R;S;T;4;25.00;30.00;20;3;Sí
L7-207-SER-TAE-001;SER-;L7-E00-SER/SAF-VIN-003 AIRE EXTERIOR SER (PACCO);5000;R;S;T;6;25.00;30.00;32;4;Sí
L7-207-SER-TAE-001;SER-;L7-E00-SER/SAF-VIN-004 AIRE EXTERIOR SER (PACCO);5000;R;S;T;6;25.00;30.00;32;5;Sí
L7-207-SER-TAE-001;SER-;L7-E00-SER/SAF-VIN-005 AIRE SALA TABLEROS (PACCO);267;R;S;T;2.5;25.00;30.00;10;6;Sí
L7-207-SER-TAE-001;SER-;CERCO ELECTRICO E7/E8 SECTOR ORIENTE;10;R;;;4;25.00;30.00;10;7;NO
L7-207-SER-TAE-001;SER-;AL. MER. BODEGAS RESIDUOS NO PELIGROSOS (2 LUM. 17W);30;R;;;4;-;-;10;8;NO
L7-207-SER-TAE-001;SER-;ALUM. EMER. BODEGA GASES (2 LUM. 17W);30;;S;;4;25.00;30.00;10;9;NO
L7-207-SER-TAE-001;SER-;ALUMBRADO EMERG. SUBTERRÁNEO TÉCNICO (11 LUM. 17W);190;;S;;4;-;-;10;10;NO
L7-207-SER-TAE-001;SER-;AL. EMER. COMPRESORES, GENERADORES Y CABINA (10 LUM. 35W);350;;;T;2.5;-;-;10;11;NO
L7-207-SER-TAE-001;SER-;ALUMBRADO EMERG. SER (7 LUM. 35W);250;;;T;2.5;-;-;10;12;NO
L7-207-SER-TAE-001;SER-;PANEL INCENDIO SER / SAF L7-207-SER-PAI-001;500;R;;;2.5;-;-;10;13;NO
L7-207-SER-TAE-001;SER-;ALUM. EMER. BODEGA RESPEL (2 LUM. 29W);60;R;;;4;25.00;30.00;10;14;NO
L7-207-SER-TAE-001;SER-;ALUM. EMER. BODEGA SUSPEL (9 LUM. 29W);260;;S;;4;25.00;30.00;10;15;NO
L7-207-SER-TAE-001;SER-;ALUMBRADO EXT. EMER. BOD. Y EST. LADO NORTE (11 LUM. 140W);1540;;S;;25;25.00;30.00;16;16;NO
L7-207-SER-TAE-001;SER-;ALUM. EMER. SALA TABLEROS Y BATERIAS (2 LUM. 35W);70;;;T;2.5;25.00;30.00;10;17;NO
L7-207-SER-TAE-001;SER-;ALUMBRADO EMER. SAF 1 Y SAF 2 (5 LUM 35W);180;;;T;2.5;-;-;10;18;NO
L7-207-SER-TAE-001;SER-;L7-E00-SER/SAF-VEA-001 EXTRACCION SER;1750;R;;;6;-;-;16;19;Sí
L7-207-SER-TAE-001;SER-;ENCHUFES SEÑALETICAS VÍAS DE EVACUACIÓN (14 LUM. 150W);2100;R;;;6;25.00;30.00;16;20;NO
L7-207-SER-TAE-001;SER-;L7-E00-SER/SAF-UIS/UES-002 BATERIAS SER;2200;;S;;4;-;-;16;21;Sí
L7-207-SER-TAE-001;SER-;ALUM. EMER. EXT. SER SAF LADO SUR Y PATIO SALVATAJE (12 LUM 140W);1680;;S;;16;25.00;30.00;16;22;NO
L7-207-SER-TAE-001;SER-;L7-E00-SER/SAF-UIS/UES-001 BATERIAS SAF 1;2200;;;T;6;-;-;16;23;Sí
L7-207-SER-TAE-001;SER-;TABLERO COMUNICACIONES OOCC L7-207-SER-COM-002;500;;;T;2.5;-;-;10;24;NO
L7-207-SER-TAE-001;SER-;CERCO ELÉCTRICO E9 SECTOR SUR ORIENTE;10;R;;;4;25.00;30.00;10;25;NO
L7-207-SER-TAE-001;SER-;CIRCUITO CONTROL DE ALUMBRADO (INTERNO);100;R;;;-;-;-;10;26;NO
L7-207-SER-TAE-001;SER-;CONTROLADOR DE HIDRÓGENO SALA BATERÍAS SER;100;;S;;2.5;-;-;10;27;NO
L7-207-SER-TAE-001;SER-;RESERVA;;;S;;-;-;-;10;28;NO
L7-207-SER-TAE-001;SER-;L7-E00-SER/SAF-VIN-006 EXTRACCION CABINA TRACCION PRIMARIA;300;;;T;2.5;25.00;30.00;10;29;Sí
L7-207-SER-TAE-001;SER-;L7-E00-SER/SAF-VEA-002 EXTRACCION SER;1750;;;T;6;-;-;16;30;Sí
L7-207-SER-TAE-001;SER-;L7-E00-SER/SAF-VEA-003 EXTRACCION SER;1750;R;;;4;-;-;16;31;Sí
L7-207-SER-TAE-001;SER-;L7-E00-SER/SAF-VEA-004 EXTRACCION SER;1750;R;;;4;-;-;16;32;Sí
L7-207-SER-TAE-001;SER-;CONTROLADOR DE HIDRÓGENO SALA BATERÍAS SAF;100;;S;;2.5;-;-;10;33;NO
L7-207-SER-TAE-001;SER-;RESERVA;;;S;;-;-;-;10;34;NO
L7-207-SER-TAE-001;SER-;RESERVA;0;;;T;-;-;-;10;35;NO
L7-207-SER-TAE-001;SER-;RESERVA;0;;;T;-;-;-;10;36;NO
L7-207-SER-TAE-001;SER-;L7-207-CAB2-TAE-001 CABINA DE TRACCIÓN 2;940;R;S;T;16;-;-;20;37;NO
L7-207-SER-TAE-001;SER-;L7-E00-SER/SAF-VEC-001 EXTRACCIÓN BATERÍAS SAF 1;33;R;S;T;4;10.00;30.00;10;38;Sí
L7-207-SER-TAE-001;SER-;L7-E00-SER/SAF-VEC-002 EXTRACCIÓN BATERÍAS SER;33;R;S;T;2.5;10.00;30.00;10;39;Sí
L7-207-SER-TAE-001;SER-;L7-E00-SER/SAF-VEC-003 EXTRACCIÓN SALA DE COMPRESORES;234;R;S;T;2.5;10.00;30.00;10;40;Sí
L7-207-SER-TAE-001;SER-;L7-E00-EDBP-VEC-001 EXTRACTOR BODEGA SUSTANCIAS PELIGROSAS;200;R;S;T;4;25.00;30.00;10;41;Sí
L7-207-SER-TAE-001;SER-;L7-E00-EDBP-VEC-002 EXTRACTOR BODEGA SUSTANCIAS PELIGROSAS;200;R;S;T;4;10.00;30.00;25;42;Sí
L7-207-SER-TAE-001;SER-;L7-E00-EDBP-VEC-003 EXTRACTOR BODEGA SUSTANCIAS PELIGROSAS;200;R;S;T;4;25.00;30.00;10;43;Sí
L7-207-SER-TAE-001;SER-;L7-E00-EDBP-VEC-004 EXTRACTOR BODEGA SUSTANCIAS PELIGROSAS;200;R;S;T;4;10.00;30.00;25;44;Sí
L7-207-LTEA-TDF-001;LTEA;L7-207-LTEA-TDAF-001;60630;R;S;T;95;-;-;200;1;NO
L7-207-LTEA-TDF-001;LTEA;L7-207-LTEA-TDAF-002;8923;R;S;T;10;-;-;40;2;NO
L7-207-LTEA-TDF-001;LTEA;L7-E00-EDAM-UEV-A-001 BOMBA CALOR 1;5333;R;S;T;10;75.00;30.00;40;3;Sí
L7-207-LTEA-TDF-001;LTEA;L7-E00-EDAM-UEV-B-001 BOMBA CALOR 2;5333;R;S;T;10;75.00;30.00;40;4;Sí
L7-207-LTEA-TDF-001;LTEA;L7-E00-EDAM-UIS/UES-001 REPOSTERIA;1100;R;S;T;2.5;-;-;10;5;Sí
L7-207-LTEA-TDF-001;LTEA;L7-E00-EDAM-UIS/UES-002 COCINA FRIA;1100;R;S;T;2.5;-;-;10;6;Sí
L7-207-LTEA-TDF-001;LTEA;L7-E00-EDAM-VIN-001 AIRE EXT. GENERAL;1833;R;S;T;2.5;25.00;30.00;16;7;Sí
L7-207-LTEA-TDF-001;LTEA;L7-E00-EDAM-VIN-003 COMP. CAMPANA COCINA CALIENTE;733;R;S;T;2.5;25.00;30.00;10;8;Sí
L7-207-LTEA-TDF-001;LTEA;L7-E00-EDAM-VEC-001 EXT. GENERAL COMEDOR Y COCINA;833;R;S;T;2.5;25.00;30.00;10;9;Sí
L7-207-LTEA-TDF-001;LTEA;L7-E00-EDAM-VEC-005 EXT. CAMPANA COCINA CALIENTE;500;R;S;T;2.5;25.00;30.00;10;10;Sí
L7-207-LTEA-TDF-001;LTEA;TERMO 1;2000;R;S;T;2.5;-;-;16;11;NO
L7-207-LTEA-TDF-001;LTEA;TERMO 2;2000;R;S;T;2.5;-;-;16;12;NO
L7-207-LTEA-TDF-001;LTEA;L7-E00-EDAM-UEV-A-001-2;4333;R;S;T;6;40.00;30.00;32;13;Sí
L7-207-LTEA-TDF-001;LTEA;L7-E00-EDAM-UEV-B-001-2;4333;R;S;T;6;40.00;30.00;32;14;Sí
L7-207-LTEA-TDF-001;LTEA;RESERVA;0;R;S;T;-;-;-;16;15;NO
L7-207-LTEA-TDF-001;LTEA;RESERVA;0;R;S;T;-;-;-;16;16;NO
L7-207-LTEA-TDAF-002;LTEA;L7-E00-EDAM-VIN-002 / 5 VENT. CAMP. AUTOSERV. REPOSTERIA;700;R;;;2.5;25.00;30.00;10;1;Sí
L7-207-LTEA-TDAF-002;LTEA;L7-E00-EDAM-VIN-004 VENTILADOR CAMPANA LAVADO VAJILLA;100;R;;;2.5;25.00;30.00;10;2;Sí
L7-207-LTEA-TDAF-002;LTEA;L7-E00-EDAM-VEC-002 / 3 / 6 EXTRACCION BAÑOS, ASEO, OFICINAS Y CAMPANA LAVADO DE VAJILLA;1600;;S;;2.5;25.00;30.00;16;3;Sí
L7-207-LTEA-TDAF-002;LTEA;L7-E00-EDAM-VEC-004 / 7 EXTRACCION CAMPANA AUTOSERVICIO REPOSTERIA;700;;S;;2.5;25.00;30.00;10;4;Sí
L7-207-LTEA-TDAF-002;LTEA;L7-E00-EDAM-UIV-B-009 / 10 / 12;520;;;T;2.5;-;-;10;5;Sí
L7-207-LTEA-TDAF-002;LTEA;L7-E00-EDAM-UIV-B-007 / 8 / 11;230;;;T;2.5;-;-;10;6;Sí
L7-207-LTEA-TDAF-002;LTEA;L7-E00-EDAM-UIV-B-001 / 2;130;R;;;2.5;-;-;10;7;Sí
L7-207-LTEA-TDAF-002;LTEA;L7-E00-EDAM-UIV-B-003 / 4 / 5 / 6;600;R;;;2.5;-;-;10;8;Sí
L7-207-LTEA-TDAF-002;LTEA;RESERVA;;;S;;-;25.00;30.00;10;9;NO
L7-207-LTEA-TDAF-002;LTEA;ENCHUFES SHAFT MECÁNICO,CALL CENTER Y SALA REUNION 2;2550;;S;;6;25.00;30.00;16;10;NO
L7-207-LTEA-TDAF-002;LTEA;ENCHUFES BODEGAS 3, 4, 5 Y 6, ASEO 2, LT Y BAÑOS ADM.;1650;;;T;4;25.00;30.00;16;11;NO
L7-207-LTEA-TDAF-002;LTEA;ENCHUFES BODEGA 1 Y2,SALA DE REUNIÓN 1;1650;;;T;2.5;25.00;30.00;16;12;NO
L7-207-LTEA-TDAF-002;LTEA;ENCHUFE OPEN SPACE NORTE 1;1800;R;;;10;25.00;30.00;16;13;NO
L7-207-LTEA-TDAF-002;LTEA;ENCHUFE OPEN SPACE SUR;2400;R;;;4;25.00;30.00;16;14;NO
L7-207-LTEA-TDAF-002;LTEA;ENCHUFE OPEN SPACE NORTE 2;1500;;S;;2.5;25.00;30.00;16;15;NO
L7-207-LTEA-TDAF-002;LTEA;ENCHUFES COCINA;2700;;S;;6;-;-;16;16;NO
L7-207-LTEA-TDAF-002;LTEA;AL. SALA CAP. Y ENTR. PASILLO, BAÑOS Y BOD. (8 L. 12W, 23 L. 36W);920;;;T;2.5;-;-;10;17;NO
L7-207-LTEA-TDAF-002;LTEA;AL. CALL CENTER Y SALA REUNION 2 (12 LUM. 36W);430;;;T;2.5;-;-;10;18;NO
L7-207-LTEA-TDAF-002;LTEA;AL. OPEN SPACE, REU. 1, BODEGAS NTE., LT, ASEO (4 LUM. 17W,31 LUM 36W);1180;R;;;2.5;-;-;10;19;NO
L7-207-LTEA-TDAF-002;LTEA;SECADOR DE MANOS BAÑOS DE SERVICIO;2000;R;;;4;25.00;30.00;16;20;NO
L7-207-LTEA-TDAF-002;LTEA;RESERVA;;;S;;-;-;-;16;21;NO
L7-207-LTEA-TDAF-002;LTEA;RESERVA;;;S;;-;-;-;10;22;NO
L7-207-LTEA-TDAF-002;LTEA;ENCHUFES SALA CAPACITACION;2400;;;T;10;25.00;30.00;16;23;NO
L7-207-LTEA-TDAF-002;LTEA;SECADOR DE MANOS BAÑOS DISCAPACITADOS;1000;;;T;2.5;25.00;30.00;10;24;NO
L7-207-LTEA-TDAF-002;LTEA;RESERVA;;R;S;T;-;-;-;16;25;NO
L7-207-LTEA-TDAF-002;LTEA;RESERVA;;R;S;T;-;-;-;16;26;NO
L7-207-LTCD-TDAF-001;LTCD;ALUMB. SALA TABLEROS, ENTRADA Y BOD. CBTC (6 LUM. LED, 36W);220;R;;;2.5;-;-;10;1;NO
L7-207-LTCD-TDAF-001;LTCD;ALUMBRADO LOCAL TÉCNICO, CORRIENTES DÉBILES (11 LUM. LED , 36W);400;R;;;2.5;-;-;10;2;NO
L7-207-LTCD-TDAF-001;LTCD;ALUMB. LOCAL TÉCNICO, CORRIENTES DÉBILES (12 LUM. LED, 36W);430;;S;;2.5;-;-;10;3;NO
L7-207-LTCD-TDAF-001;LTCD;ALUMBRADO SUBTERRÁNEO CORRIENTES DÉBILES (8 LUM. LED , 17W);140;;S;;2.5;-;-;10;4;NO
L7-207-LTCD-TDAF-001;LTCD;ALUMB. SUBTERRÁNEO CORRIENTES DÉBILES (7 LUM. LED, 17W);120;;;T;2.5;-;-;10;5;NO
L7-207-LTCD-TDAF-001;LTCD;ENCHUFES BODEGA CBTC Y SALA TABLEROS;600;;;T;2.5;25.00;30.00;10;6;NO
L7-207-LTCD-TDAF-001;LTCD;ENCHUFES LT CORRIENTES DÉBILES;1200;R;;;2.5;25.00;30.00;10;7;NO
L7-207-LTCD-TDAF-001;LTCD;ALUMBRADO AUTÓNOMO EVACUACIÓN (8 LUM. DE 26 W);210;R;;;2.5;-;-;10;8;NO
L7-207-LTCD-TDAF-001;LTCD;RESERVA;;;S;;-;-;-;10;9;NO
L7-207-LTCD-TDAF-001;LTCD;RESERVA;;;S;;-;-;-;10;10;NO
L7-207-LTCD-TDAF-001;LTCD;RESERVA;;;;T;-;-;-;10;11;NO
L7-207-LTCD-TDAF-001;LTCD;RESERVA;;;;T;-;-;-;10;12;NO
L7-207-LTCD-TAE-001;LTCD;L7-E00-CCDD-VIN-001 VENTILADOR SALA TABLEROS CCDD;500;R;;;2.5;-;-;10;1;Sí
L7-207-LTCD-TAE-001;LTCD;L7-E00-CCDD-VEA-001 VENTILADOR BODEGA CCDD;50;R;;;2.5;-;-;10;2;Sí
L7-207-LTCD-TAE-001;LTCD;ALUMB. EMERG. BOD, ENTRADA Y SALA TABLEROS (3 LUM. LED, 36W);110;;S;;2.5;-;-;10;3;NO
L7-207-LTCD-TAE-001;LTCD;ALUMBRADO EMERGENCIA SUBTERRÁNEO (5 LUM. LED,17W);90;;S;;2.5;-;-;10;4;NO
L7-207-LTCD-TAE-001;LTCD;ALUMBRADO EMERGENCIA SALA CCDD (9 LUM. LED, 36W);320;;;T;2.5;-;-;10;5;NO
L7-207-LTCD-TAE-001;LTCD;L7-E00-CCDD-COM-002 COMUNICACIONES OOCC;500;;;T;-;-;-;10;6;NO
L7-207-LTCD-TAE-001;LTCD;L7-E00-CCDD-UPA-001 UNIDAD INYECCIÓN CCDD;1700;R;S;T;4;-;-;16;7;NO
L7-207-LTCD-TAE-001;LTCD;L7-E00-CCDD-UPA-002 UNIDAD INYECCIÓN CCDD;1700;R;S;T;4;-;-;16;8;NO
L7-207-LTCD-TAE-001;LTCD;L7-E00-CCDD-UPA-003 UNIDAD INYECCIÓN CCDD;1700;R;S;T;4;-;-;16;9;NO
L7-207-LTCD-TAE-001;LTCD;L7-E00-CCDD-UPA-004 UNIDAD INYECCIÓN CCDD;1700;R;S;T;4;-;-;16;10;NO
L7-207-LTCD-TAE-001;LTCD;ENCHUFES EMERGENCIA SEÑALETICA EVACUACIÓN;200;R;S;T;2.5;25.00;30.00;10;11;NO
L7-207-LTCD-TAE-001;LTCD;RESERVA;;R;S;T;-;-;-;16;12;NO
L7-207-CAB1-TDAF-001;CAB1;ALUMBRADO CABINA 1 (4 LUM. 35W, 1 LUM. 26W));170;R;;;2.5;-;-;10;1;NO
L7-207-CAB1-TDAF-001;CAB1;RESERVA;;R;;;-;-;-;10;2;NO
L7-207-CAB1-TDAF-001;CAB1;ALUMBRADO CABINA 2 (6 LUMINARIAS LED, 35W c/u);240;;S;;2.5;-;-;10;3;NO
L7-207-CAB1-TDAF-001;CAB1;ALUMBRADO SUB CABINA 2 (6 LUMINARIAS LED, 17W c/u);100;;S;;2.5;-;-;10;4;NO
L7-207-CAB1-TDAF-001;CAB1;ALUMBRADO SUB CABNA 2 (2 LUMINARIAS LED, 17W c/u);30;;;T;2.5;-;-;10;5;NO
L7-207-CAB1-TDAF-001;CAB1;RESERVA;;;;T;-;-;-;10;6;NO
L7-207-CAB1-TDAF-001;CAB1;RESERVA;0;R;S;T;-;-;-;16;7;NO
L7-207-CAB1-TDAF-001;CAB1;RESERVA;0;R;S;T;-;-;-;16;8;NO
L7-207-CAB1-TDAF-001;CAB1;TABLERO ENCHUFES CABINA 1;5000;R;S;T;16;-;-;32;9;NO
L7-207-CAB1-TDAF-001;CAB1;TABLERO ENCHUFES CABINA 2;5000;R;S;T;16;-;-;32;10;NO
L7-207-CAB2-TAE-001;CAB2;ALUMBRADO EMERGENCIA CABINA 1 (2 LUMINARIAS LED, 35W c/u);70;R;;;2.5;-;-;10;1;NO
L7-207-CAB2-TAE-001;CAB2;ALUMBRADO SUBTERRANEO EMERGENCIA CABINA 1 (2 LUMINARIAS LED, 17W c/u);30;R;;;2.5;-;-;10;2;NO
L7-207-CAB2-TAE-001;CAB2;ALUMBRADO EMERGENCIA CABINA 2 (2 LUMINARIAS LED, 35W c/u);70;;S;;2.5;-;-;10;3;NO
L7-207-CAB2-TAE-001;CAB2;ALUMBRADO SUBTERRANEO EMERGENCIA CABINA 2 (2 LUMINARIAS LED, 17W c/u);30;;S;;2.5;-;-;10;4;NO
L7-207-CAB2-TAE-001;CAB2;ENCHUFE DE EMERGENCIAS VÍAS DE EVACUACIÓN;10;;;T;2.5;25.00;30.00;10;5;NO
L7-207-CAB2-TAE-001;CAB2;EXTRACTOR L7-247-EDML-VIN-001;1300;;;T;2.5;-;-;10;6;Sí
L7-207-CAB2-TAE-001;CAB2;EXTRACTOR L7-247-EDML-VIN-002;1300;R;;;2.5;-;-;10;7;Sí
L7-207-CAB2-TAE-001;CAB2;RESERVA;;R;;;;-;-;10;8;NO
L7-207-CAB2-TAE-001;CAB2;RESERVA;;;S;;-;-;-;10;9;NO
L7-207-CAB2-TAE-001;CAB2;RESERVA;;;S;;-;-;-;10;10;NO
L7-207-CAB2-TAE-001;CAB2;RESERVA;0;;;T;-;-;-;10;11;NO
L7-207-CAB2-TAE-001;CAB2;RESERVA;;;;T;-;-;-;10;12;NO
L7-207-SER-TDAF-002;SER-;RESERVA;0;R;;;-;-;-;10;1;NO
L7-207-SER-TDAF-002;SER-;Alumbrado Bodegas Residuos No Peligrosos;250;R;;;2.5;-;-;10;2;NO
L7-207-SER-TDAF-002;SER-;Alumbrado Bodega Gases;90;;S;;2.5;25.00;30.00;10;3;NO
L7-207-SER-TDAF-002;SER-;Alumbrado Bodegas Residuos Peligrosos;290;;S;;2.5;25.00;30.00;10;4;NO
L7-207-SER-TDAF-002;SER-;Alumbrado Bodega SUSPEL;460;;;T;4;25.00;30.00;10;5;NO
L7-207-SER-TDAF-002;SER-;RESERVA;;;;T;-;-;-;10;6;NO
L7-207-SER-TDAF-002;SER-;TABLERO ENCHUFES BODEGA SUSPEL;5000;R;S;T;25;32.00;30.00;32;7;NO
L7-207-SER-TDAF-002;SER-;TABLERO ENCHUFES BODEGA RESPEL;5000;R;S;T;25;32.00;30.00;32;8;NO
L7-207-SER-TDAF-002;SER-;TABLERO ENCHUFES BODEGA RESIDUOS No Peligrosos;5000;R;S;T;25;-;-;32;9;NO
L7-207-SER-TDAF-002;SER-;RESERVA;;R;S;T;-;32.00;30.00;32;10;NO
L7-207-LTMI-TDAF-001;LTMI;RESERVA;0;R;S;T;-;-;-;32;1;NO
L7-207-LTMI-TDAF-001;LTMI;ENCHUFE FUERZA 1;5000;R;S;T;16;-;-;32;2;NO
L7-207-LTMI-TDAF-001;LTMI;ENCHUFE FUERZA 2;5000;R;S;T;16;-;-;32;3;NO
L7-207-LTMI-TDAF-001;LTMI;TERMO ELÉCTRICO;2000;R;S;T;4;25.00;30.00;32;4;NO
L7-207-LTMI-TDAF-001;LTMI;TERMO ELÉCTRICO;2000;R;S;T;4;25.00;30.00;32;5;NO
L7-207-LTMI-TDAF-001;LTMI;UNIDAD SPLIT SALA ESPERA CONTRATISTAS L7-E00-EFMI-UIS/UES-006;1100;R;S;T;2.5;-;-;10;6;Sí
L7-207-LTMI-TDAF-001;LTMI;BATERÍA CALEFACCIÓN L7-E00-EFMI-BEC-001;5500;R;S;T;16;-;-;40;7;Sí
L7-207-LTMI-TDAF-001;LTMI;BATERÍA CALEFACCIÓN L7-E00-EFMI-BEC-002;3000;R;S;T;6;-;-;25;8;Sí
L7-207-LTMI-TDAF-001;LTMI;AIRE EXTERIOR L7-E00-EFMI-VIN-003 OFICINAS;733;R;S;T;2.5;25.00;30.00;10;9;Sí
L7-207-LTMI-TDAF-001;LTMI;RESERVA;;R;S;T;-;-;-;16;10;NO
L7-207-LTMI-TDAF-001;LTMI;RESERVA;0;R;S;T;-;-;-;16;11;NO
L7-207-LTMI-TDAF-001;LTMI;RESERVA;;R;S;T;-;-;-;16;12;NO
L7-207-LTMI-TDAF-001;LTMI;UNIDAD SPLIT OPEN SPACE ENERGÍA L7-E00-EFMI-UIS/UES-001;1600;R;;;10;25.00;30.00;16;13;Sí
L7-207-LTMI-TDAF-001;LTMI;UNIDAD SPLIT OPEN CONTRATISTAS V&C L7-E00-EFMI-UIS/UES-005;2200;R;;;4;25.00;30.00;16;14;Sí
L7-207-LTMI-TDAF-001;LTMI;UNIDAD SPLIT OPERADORES MAQUINARIA L7-E00-EFMI-UIS/UES-002;1600;;S;;6;25.00;30.00;16;15;Sí
L7-207-LTMI-TDAF-001;LTMI;UNIDAD SPLIT OPEN CONTRATISTAS V&C L7-E00-EFMI-UIS/UES-004;2200;;S;;4;25.00;30.00;16;16;Sí
L7-207-LTMI-TDAF-001;LTMI;UNIDAD SPLIT OPEN CONTRATISTAS V&C L7-E00-EFMI-UIS/UES-003;2200;;;T;4;25.00;30.00;10;17;Sí
L7-207-LTMI-TDAF-001;LTMI;UNIDAD SPLIT BATERÍAS L7-E00-EFMI-UIS/UES-007;800;;;T;4;25.00;30.00;16;18;Sí
L7-207-LTMI-TDAF-001;LTMI;ALUMBRADO TRACTOR FERROVIARIO (22 LUM. 36W Y 4 DE 26W);900;R;;;10;-;-;10;19;NO
L7-207-LTMI-TDAF-001;LTMI;ALUMB. OPEN SPACE ENERGÍA, BOD., TALLER, BOD. COMM, TALLER REV. PDA (36 LUM. 17W, 8 LUM. 36W, 5 LUM. 29W);1050;R;;;4;25.00;30.00;10;20;NO
L7-207-LTMI-TDAF-001;LTMI;AL. OPEN SPACE CONTR. V&C Y SALA ESPERA , BAÑOS OTE. Y COC. (6 LUM. 12w, 4 LUM. 17W, 23 LUM. 36W, 18 LUM. 26W));1440;;S;;2.5;-;-;10;21;NO
L7-207-LTMI-TDAF-001;LTMI;ALUMBRADO CAMARINES Y BODEGA LT (21 LUM. 12W, 19 LUM. 17W);580;;S;;2.5;-;-;10;22;NO
L7-207-LTMI-TDAF-001;LTMI;ALUMBRADO NAVE PRINCIPAL 1 (12 LUM. 190W);2280;;;T;16;-;-;16;23;NO
L7-207-LTMI-TDAF-001;LTMI;BOMBA TERMO 2;100;;;T;2.5;25.00;30.00;10;24;NO
L7-207-LTMI-TDAF-001;LTMI;AIRE EXTERIOR L7-E00-EFMI-VIN-001 OPEN SPACE ENERGÍA;50;R;;;2.5;25.00;30.00;10;25;Sí
L7-207-LTMI-TDAF-001;LTMI;AIRE EXTERIOR L7-E00-EFMI-VIN-002 OPEN SPACE OPERADORES MAQUINARIA;30;R;;;2.5;25.00;30.00;10;26;Sí
L7-207-LTMI-TDAF-001;LTMI;ENCHUFES COCINA;2850;;S;;6;25.00;30.00;16;27;NO
L7-207-LTMI-TDAF-001;LTMI;AIRE EXTERIOR L7-E00-EFMI-VEC-002 EXTRACCIÓN BAÑOS;900;;S;;2.5;25.00;30.00;10;28;Sí
L7-207-LTMI-TDAF-001;LTMI;AIRE EXTERIOR L7-E00-EFMI-VEC-003 EXTRACCIÓN OFICINAS Y COFFE;200;;;T;2.5;25.00;30.00;10;29;Sí
L7-207-LTMI-TDAF-001;LTMI;AIRE EXTERIOR L7-E00-EFMI-VEA-001 EXTRACCIÓN ASEO SECTOR PONIENTE;20;;;T;2.5;25.00;30.00;10;30;Sí
L7-207-LTMI-TDAF-001;LTMI;ENCHUFE BODEGA, PASILLO, LT, SALA DE ESPERA;1200;R;;;4;25.00;30.00;10;31;NO
L7-207-LTMI-TDAF-001;LTMI;ENCHUFES CAMARINES, BAÑOS;750;R;;;2.5;25.00;30.00;10;32;NO
L7-207-LTMI-TDAF-001;LTMI;SECAMANOS BAÑOS ORIENTE;2000;;S;;4;25.00;30.00;16;33;NO
L7-207-LTMI-TDAF-001;LTMI;SECAMANOS BAÑOS DISCAPACITADO;1000;;S;;2.5;25.00;30.00;10;34;NO
L7-207-LTMI-TDAF-001;LTMI;SECAMANOS CAMARINES;2000;;;T;4;25.00;30.00;16;35;NO
L7-207-LTMI-TDAF-001;LTMI;ENCHUFE OPEN SPACE CONTRATISTA 1;2700;;;T;6;25.00;30.00;16;36;NO
L7-207-LTMI-TDAF-001;LTMI;ENCHUFE OPEN SPACE CONTRATISTA 2;1800;R;;;4;25.00;30.00;16;37;NO
L7-207-LTMI-TDAF-001;LTMI;ENCHUFES BATERÍAS HASTA TALLER REV. PDA;1200;R;;;6;25.00;30.00;16;38;NO
L7-207-LTMI-TDAF-001;LTMI;ENCHUFE OPEN SPACE CONTRATISTA 3;1800;;S;;4;25.00;30.00;16;39;NO
L7-207-LTMI-TDAF-001;LTMI;ENCHUFES BODEGA V&C HASTA BODEGA ENERGÍA;1950;;S;;16;25.00;30.00;16;40;NO
L7-207-LTMI-TDAF-001;LTMI;ENCHUFE BAÑO PONIENTE;750;;;T;6;25.00;30.00;10;41;NO
L7-207-LTMI-TDAF-001;LTMI;SECAMANOS BAÑO PONIENTE;2000;;;T;16;25.00;30.00;16;42;NO
L7-207-LTMI-TDAF-001;LTMI;BOMBA TERMO 1;100;R;;;4;-;-;10;43;NO
L7-207-LTMI-TDAF-001;LTMI;ALUBRADO NAVE PRINCIPAL 2 (13 LUM. 190W);2470;R;;;16;-;-;16;44;NO
L7-207-LTMI-TDAF-001;LTMI;ALUMB. BAÑOS SECTOR PTE, TALLER REV. V&C, BOD. MANT. TRENES (4 LUM. 12W, 34 LUM. 17W);630;;S;;4;-;-;10;45;NO
L7-207-LTMI-TDAF-001;LTMI;ALUMBRADO EXTERIOR ESTANQUE DE COMBUSTIBLE (2 LUM. 140W);280;;S;;4;-;-;10;46;NO
L7-207-LTMI-TDAF-001;LTMI;DISPENSADOR DE COMBUSTIBLE;350;;;T;4;-;-;10;47;NO
L7-207-LTMI-TDAF-001;LTMI;CIRCUITO CONTROL DE EXTRACTORES;100;;;T;-;-;-;10;48;NO
L7-207-LTMI-TDAF-001;LTMI;RESERVA;;R;S;T;-;-;-;10;49;NO
L7-207-LTMI-TDAF-001;LTMI;RESERVA;;R;S;T;-;-;-;10;50;NO
L7-207-LTMI-TDAF-001;LTMI;PANEL ENCHUFES TRACTOR FERROVIARIO;5000;R;S;T;25;-;-;32;51;NO
L7-207-LTMI-TDAF-001;LTMI;RESERVA;;R;S;T;-;-;-;10;52;NO
L7-207-LTMI-TDAF-001;LTMI;CIRCUITO CONTROL DE ALUMBRADO;100;R;;;-;-;-;10;53;NO
L7-207-LTMI-TDAF-001;LTMI;RESERVA;;R;;;-;-;-;10;54;NO
L7-207-LTMI-TDAF-001;LTMI;RESERVA;;;S;;-;;;10;55;NO
L7-207-LTMI-TDAF-001;LTMI;RESERVA;;;S;;-;-;-;10;56;NO
L7-207-LTMI-TDAF-001;LTMI;RESERVA;;;;T;-;-;-;10;57;NO
L7-207-LTMI-TDAF-001;LTMI;RESERVA;;;;T;-;-;-;10;58;NO
L7-207-LTTA-TDF-001;LTTA;PUENTE GRUA L7-237-TALL-PGR-001;1000;R;S;T;4.0;-;-;16;1;NO
L7-207-LTTA-TDF-001;LTTA;PUENTE GRUA L7-237-TALL-PGR-002;1667;R;S;T;4.0;-;-;16;2;NO
L7-207-LTTA-TDF-001;LTTA;PUENTE GRUA L7-237-TALL-PGR-003;1667;R;S;T;4.0;-;-;16;3;NO
L7-207-LTTA-TDF-001;LTTA;PUENTE GRUA L7-237-TALL-PGR-004;1667;R;S;T;4.0;-;-;16;4;NO
L7-207-LTTA-TDF-001;LTTA;PUENTE GRUA L7-237-TALL-PGR-005;1667;R;S;T;4.0;-;-;16;5;NO
L7-207-LTTA-TDF-001;LTTA;PUENTE GRUA L7-237-TALL-PGR-006;3000;R;S;T;10.0;-;-;32;6;NO
L7-207-LTTA-TDF-001;LTTA;PUENTE GRUA L7-237-TALL-PGR-007;3000;R;S;T;10.0;-;-;32;7;NO
L7-207-LTTA-TDF-001;LTTA;PUENTE GRUA L7-237-TALL-PGR-008;1667;R;S;T;10.0;-;-;16;8;NO
L7-207-LTTA-TDF-001;LTTA;PUENTE GRUA L7-237-TALL-PGR-009;3000;R;S;T;10.0;-;-;32;9;NO
L7-207-LTTA-TDF-001;LTTA;PUENTE GRUA L7-237-TALL-PGR-010;1667;R;S;T;6.0;-;-;16;10;NO
L7-207-LTTA-TDF-002;LTTA;TOMA CORRIENTE GRUAS HORQUILLAS 1;3333;R;S;T;16;-;-;16;1;NO
L7-207-LTTA-TDF-002;LTTA;TOMA CORRIENTES GRUAS HORQUILLAS 2;3333;R;S;T;16;-;-;16;2;NO
L7-207-LTTA-TDF-002;LTTA;TOMA CORRIENTE GRUAS HORQUILLAS 3;3333;R;S;T;16;-;-;16;3;NO
L7-207-LTTA-TDF-002;LTTA;TOMA CORRIENTES GRUAS HORQUILLAS 4;3333;R;S;T;16;-;-;16;4;NO
L7-207-LTTA-TDF-002;LTTA;TOMA CORRIENTE GRUAS HORQUILLAS 5;3333;R;S;T;16;-;-;16;5;NO
L7-207-LTTA-TDF-002;LTTA;TOMA CORRIENTES TORNO FOSO;3333;R;S;T;16;-;-;16;6;NO
L7-207-LTTA-TDF-003;LTTA;RESERVA;0;R;S;T;-;-;-;16;1;NO
L7-207-LTTA-TDF-003;LTTA;TALADRADORA VERTICAL DE USO GENERAL;430;R;S;T;4.0;-;-;10;2;NO
L7-207-LTTA-TDF-003;LTTA;EQUIPO SOLDADORA MIG - MAG;4033;R;S;T;25.0;-;-;32;3;NO
L7-207-LTTA-TDF-003;LTTA;EQUIPO SOLDADURA TIG;5100;R;S;T;35.0;-;-;32;4;NO
L7-207-LTTA-TDF-003;LTTA;PRENSA AUXILIAR CALADO Y DECALADO BIELAS;1000;R;S;T;10.0;-;-;10;5;NO
L7-207-LTTA-TDF-003;LTTA;BANCO DE ENSAYO AMORTIGUADORES L7237-TALL-BEA-001;5000;R;S;T;35.0;-;-;50;6;NO
L7-207-LTTA-TDF-003;LTTA;RESERVA;0;R;S;T;-;-;-;32;7;NO
L7-207-LTTA-TDF-003;LTTA;LAVADORA DE PIEZAS METALICAS PEQUEÑAS;3733;R;S;T;16.0;-;-;25;8;NO
L7-207-LTTA-TDF-003;LTTA;BANCO DE ENSAYOS METALASTICOS L7-237-TALL-BEM-001;2500;R;S;T;16.0;-;-;32;9;NO
L7-207-LTTA-TDF-003;LTTA;BANCO DE ENSAYOS DE PANEL NEUMATICO L7-237-TALL-BEF-002;2333;R;S;T;16.0;-;-;32;10;NO
L7-207-LTTA-TDF-003;LTTA;BANCO DE ENSAYOS DE CILINDROS DE FRENO;2600;R;;;35.0;-;-;16;11;NO
L7-207-LTTA-TDF-003;LTTA;RESERVA;0;R;;;-;-;-;16;12;NO
L7-207-LTTA-TDF-003;LTTA;RESERVA;0;;S;;-;-;-;16;13;NO
L7-207-LTTA-TDF-005;LTTA;PRENSA DE CALADO Y DECALADO DE EJES L7-237-TALL-PCE-001;5333;R;S;T;35.0;-;-;40;1;NO
L7-207-LTTA-TDF-005;LTTA;EQUIPO PARA LAVADO A PRESION;3000;R;S;T;10.0;-;-;20;2;NO
L7-207-LTTA-TDF-005;LTTA;PRENSA DE CALIBRADO DE BOGIES L7-237-TALL-OCB-001;2333;R;S;T;10.0;-;-;20;3;NO
L7-207-LTTA-TDF-005;LTTA;VOLTEADORA DE BASTIDORES DE BOGIE L7-237-TALL-VBB-001;600;R;S;T;4.0;-;-;16;4;NO
L7-207-LTTA-TDF-005;LTTA;CARRO TRANSBORDADOR DE BOGIES L7-237-TALL-TBC-001;1000;R;S;T;4.0;-;-;16;5;NO
L7-207-LTTA-TDF-005;LTTA;PORTICO PARA PRENSA DE CALADO Y DECALADO DE EJES L7-237-TALL-PCC-001;3233;R;S;T;25.0;-;-;32;6;NO
L7-207-LTTA-TDF-005;LTTA;RESERVA;0;R;S;T;-;-;-;16;7;NO
L7-207-LTTA-TDF-005;LTTA;RESERVA;0;R;S;T;-;-;-;32;8;NO
L7-207-LTTA-TDAF-010;LTTA;ALUM. TALLER METEOROLOGIA Y RODAMIENTOS (16 LUM. 36W);580;R;;;4.0;-;-;10;1;NO
L7-207-LTTA-TDAF-010;LTTA;VENTILADOR CENTRIFUG L7-237-TALL-VIN-001 METEOROLOGIA;700;R;;;6.0;-;-;10;2;Sí
L7-207-LTTA-TDAF-010;LTTA;EXTRACTOR L7-237-TALL-VEC-001 METEOROLOGIA;1000;;S;;10.0;-;-;10;3;Sí
L7-207-LTTA-TDAF-010;LTTA;ENCHUFE TALLER METEOROLOGIA Y RODAMIENTOS;1200;;S;;10.0;25.00;30.00;10;4;NO
L7-207-LTTA-TDAF-010;LTTA;ALUM. NAVE SOPLADO, SOLDADURA Y PRE PINTURA 22 LUM. 36W);790;;;T;6.0;-;-;10;5;NO
L7-207-LTTA-TDAF-010;LTTA;ALUM. TALLER PINTURA, TALLER EQ. ELÉC. RIELES Y COMP. (34 LUM 36W);1220;;;T;10.0;-;-;10;6;NO
L7-207-LTTA-TDAF-010;LTTA;UNIDAD SPLIT TALLER METEOROLOGIA L7-237-TALL-UIS/UES-001-002;1100;R;S;T;4.0;-;-;10;7;Sí
L7-207-LTTA-TDAF-010;LTTA;RESERVA;;R;;;-;-;-;10;8;NO
L7-207-LTTA-TDAF-010;LTTA;RESERVA;;R;;;-;25.00;30.00;10;9;NO
L7-207-LTTA-TDAF-010;LTTA;EXTRACTOR PRE PINTURA L7-237-TALL-VEC-005;300;;S;;2.5;-;-;10;10;Sí
L7-207-LTTA-TDAF-010;LTTA;RESERVA;;;S;;-;-;-;10;11;NO
L7-207-LTTA-TDAF-010;LTTA;ENCHUFES NAVE SOPLADO, SOLDADURA Y PRE PINTURA;1500;;;T;10.0;25.00;30.00;10;12;NO
L7-207-LTTA-TDAF-010;LTTA;RESERVA;0;;;T;-;-;-;10;13;NO
L7-207-LTTA-TDAF-010;LTTA;EXTRACTOR NAVE SOPLADO L7-237-TALL-VEC-003;800;R;S;T;2.5;-;-;10;14;Sí
L7-207-LTTA-TDAF-010;LTTA;EXTRACTOR TALLER SOLDADURA L7-237-TALL-VEC-004;133;R;S;T;2.50;-;-;10;15;Sí
L7-207-LTTA-TDAF-010;LTTA;RESERVA;0;R;S;T;-;-;-;10;16;NO
L7-207-LTTA-TDAF-010;LTTA;RESERVA;;R;;;-;-;-;10;17;NO
L7-207-LTTA-TDAF-010;LTTA;ENCHUFE TALLLER PINTURA, TALLER EQUIPOS ELÉCTRICOS RIELES Y COMPONENTES;1800;R;;;10.0;25.00;30.00;16;18;NO
L7-207-LTTA-TDAF-010;LTTA;RESERVA;;;S;;-;-;-;10;19;NO
L7-207-LTTA-TDAF-010;LTTA;RESERVA;;;S;;-;-;-;10;20;NO
L7-207-LTTA-TDAF-010;LTTA;AIRE EXTERIOR TALLER DE PINTURA L7-237-TALL-VIN-002;800;;;T;6.0;-;-;10;21;Sí
L7-207-LTTA-TDAF-010;LTTA;RESERVA;0;;;T;-;-;-;10;22;NO
L7-207-LTTA-TDAF-010;LTTA;RESERVA;;R;S;T;-;-;-;10;23;NO
L7-207-LTTA-TDAF-010;LTTA;EXTRACTOR TALLER PINTURA L7-237-TALL-VEC-006;467;R;S;T;2.5;-;-;10;24;Sí
L7-207-LTTA-TDAF-010;LTTA;ALUMBRADO HERRAMIENTAD Y ELECTRÓNICOS (26 LUM. 36W);940;R;;;6.0;-;-;10;25;NO
L7-207-LTTA-TDAF-010;LTTA;RESERVA;;R;;;-;-;-;16;26;NO
L7-207-LTTA-TDAF-010;LTTA;ENCHUFES HERRAMIENTAS Y TALLERES REV. COMPONENTES ELECTRÓNICOS;1500;;S;;10.0;25.00;30.00;16;27;NO
L7-207-LTTA-TDAF-010;LTTA;RESERVA;;;S;;-;-;-;10;28;NO
L7-207-LTTA-TDAF-010;LTTA;RESERVA;0;;;T;-;-;-;10;29;NO
L7-207-LTTA-TDAF-010;LTTA;RESERVA;0;;;T;-;-;-;10;30;NO
L7-207-LTTA-TDAF-010;LTTA;RESERVA;;R;S;T;-;-;-;10;31;NO
L7-207-LTTA-TDAF-010;LTTA;RESERVA;0;R;S;T;-;-;-;10;32;NO
L7-207-LTTA-TDF-031;LTTA;L7-234-EDST-UIV-C-001-002-003-004-005-006;460;R;;;2.5;25.00;30.00;10;1;Sí
L7-207-LTTA-TDF-031;LTTA;RESERVA;;R;;;-;-;-;10;2;NO
L7-207-LTTA-TDF-031;LTTA;RESERVA;;;S;;-;-;-;10;3;NO
L7-207-LTTA-TDF-031;LTTA;RESERVA;;;S;;-;-;-;10;4;NO
L7-207-LTTA-TDF-031;LTTA;RESERVA;;;;T;-;-;-;10;5;NO
L7-207-LTTA-TDF-031;LTTA;RESERVA;;;;T;-;-;-;10;6;NO
L7-207-LTTA-TDF-031;LTTA;UNIDAD VRF SERVICIOS TALLRES SUR L7-237-EDST-UEV-C-001;5967;R;S;T;10;40.00;30.00;40;7;Sí
L7-207-LTTA-TDF-031;LTTA;RESERVA;;R;S;T;-;-;-;40;8;NO
L7-207-LTSL-TAE-001;LTSL;ALUMBRADO EMERGENCIA NAVE LAVADO (49 LUMINARIAS DE 17W Y 4 DE 164W);1489;R;;;2.5;25.00;30.00;10;1;NO
L7-207-LTSL-TAE-001;LTSL;ALUMBRADO EMERGENCIA GALPON (12 LUMINARIAS 190W c/u);2280;R;;;4;25.00;30.00;16;2;NO
L7-207-LTSL-TAE-001;LTSL;RESERVA;;;S;;-;;;10;3;NO
L7-207-LTSL-TAE-001;LTSL;ALUMBRADO EMERGENCIA GALPON (12 LUMINARIAS 190W c/u);2280;;S;;4;25.00;30.00;16;4;NO
L7-207-LTSL-TAE-001;LTSL;ALUMBRADO EMERGENCIA SALA DE COMPRESORES (1 LUM. DE 34W);34;;;T;2.5;25.00;30.00;10;5;NO
L7-207-LTSL-TAE-001;LTSL;ALUMBRADO EMERGENCIA GALPON (12 LUMINARIAS 190W c/u);2280;;;T;4;25.00;30.00;16;6;NO
L7-207-LTSL-TAE-001;LTSL;CERCO ELECTRICO E10/E11;10;R;;;2.5;25.00;30.00;10;7;NO
L7-207-LTSL-TAE-001;LTSL;CERCO ELECTRICO E12/E13;10;R;;;2.5;25.00;30.00;10;8;NO
L7-207-LTSL-TAE-001;LTSL;CERCO ELECTRICO E14/E15;10;;S;;2.5;25.00;30.00;10;9;NO
L7-207-LTSL-TAE-001;LTSL;CERCO ELECTRICO E16/E17;10;;S;;2.5;25.00;30.00;10;10;NO
L7-207-LTSL-TAE-001;LTSL;ALUMBRADO EMERGENCIA SERVICIOS LAVADO (5 LUM. DE 12W, 4 DE 17W Y 4 DE 36W);260;;;T;2.5;25.00;30.00;10;11;NO
L7-207-LTSL-TAE-001;LTSL;PANEL DE INCENDIO SERVICIOS LAVADO L7-207-LTSL-PAI-001;500;;;T;-;-;-;10;12;NO
L7-207-LTSL-TAE-001;LTSL;ALUMBRADO EMERGENCIA BAÑOS SECTOR MÁQUINA DE LAVADO (4 LUM. DE 12W);48;R;;;2.5;25.00;30.00;10;13;NO
L7-207-LTSL-TAE-001;LTSL;ALUMBRADO EMERGENCIA PERIMETRO SUR Y PATIO MANIOBRAS (2 LUM. DE 140W);280;R;;;2.5;25.00;30.00;10;14;NO
L7-207-LTSL-TAE-001;LTSL;ALUMBRADO EMERGENCIA EXTERIOR PONIENTE (4 LUM. DE 140W);560;;S;;2.5;25.00;30.00;10;15;NO
L7-207-LTSL-TAE-001;LTSL;ALUMBRADO EMERGENIA VIA PRUEBAS Y FOSO VISITAS (6 LUM. DE 140W Y 3 DE 17W);891;;S;;2.5;25.00;30.00;10;16;NO
L7-207-LTSL-TAE-001;LTSL;ALUMBRADO EMERGENCIA ESTACIONAMIENTO CABINAS (5 LUM. DE 140W);700;;;T;2.5;25.00;30.00;10;17;NO
L7-207-LTSL-TAE-001;LTSL;ALUMBRADO EMERGENCIA MÁQUINA DE LAVADO (1 LUM. DE 36W);36;;;T;2.5;25.00;30.00;10;18;NO
L7-207-LTSL-TAE-001;LTSL;RESERVA;;R;;;2.5;-;-;10;19;NO
L7-207-LTSL-TAE-001;LTSL;CERCO ELECTRICO E18/E19;10;R;;;2.5;25.00;30.00;10;20;NO
L7-207-LTSL-TAE-001;LTSL;CERCO ELECTRICO E20/E21;10;;S;;2.5;25.00;30.00;10;21;NO
L7-207-LTSL-TAE-001;LTSL;CONTROL ALUMBRADO 207-LSTL-TCA-001;100;;S;;2.5;;;10;22;NO
L7-207-LTSL-TAE-001;LTSL;CONTROL ALUMBRADO 207-LSTL-TCA-002;100;;;T;2.5;;;10;23;NO
L7-207-LTSL-TAE-001;LTSL;COM 2 TABLERO COMUNICACIONES;500;;;T;-;;;10;24;NO
L7-207-LTSL-TAE-001;LTSL;ENCHUFE SEÑALETICA EMERGENCIA NAVE LAVADO Y SERVICIO COCHERA;880;R;;;2.5;25.00;30.00;10;25;NO
L7-207-LTSL-TAE-001;LTSL;ENCHUFE SEÑALETICA EMERGENCIA COCHERA;880;R;;;2.5;25.00;30.00;10;26;NO
L7-207-LTSL-TAE-001;LTSL;ALUMBRADO EMERGENCIA FOSO 1 (C04) (16 LUM. DE 17W);272;;S;;2.5;25.00;30.00;10;27;NO
L7-207-LTSL-TAE-001;LTSL;ALUMBRADO EMERGENCIA FOSO 2 (C02) (16 LUM. DE 17W);272;;S;;2.5;25.00;30.00;10;28;NO
L7-207-LTSL-TAE-001;LTSL;RESERVA;;;;T;-;;;10;29;NO
L7-207-LTSL-TAE-001;LTSL;CIRCUITO DE CONTROL ALUMBRADO INTERNO;100;;;T;2.5;;;10;30;NO
L7-207-SER-TDAF-001;SER-;ALUMBRADO SER (22 LUM. 35W);770;R;;;2.5;-;-;10;1;NO
L7-207-SER-TDAF-001;SER-;RESERVA;;R;;;-;-;-;10;2;NO
L7-207-SER-TDAF-001;SER-;ALUMBRADO SAF 1 Y SAF 2 (15 LUM. 35W);530;;S;;2.5;-;-;10;3;NO
L7-207-SER-TDAF-001;SER-;ALUMBRADO SALA TABLEROS Y BATERIAS (5 LUM. 35W);180;;S;;2.5;25.00;30.00;10;4;NO
L7-207-SER-TDAF-001;SER-;ALUMB. COMPRESORES, GENERADORES Y CABINA PPAL. (28 LUM. 35W);980;;;T;2.5;-;-;10;5;NO
L7-207-SER-TDAF-001;SER-;ALUMBRADO AUTÓNOMO SER SAF (15 LUM. 26W);390;;;T;2.5;-;-;10;6;NO
L7-207-SER-TDAF-001;SER-;RESERVA;0;R;;;-;-;-;10;7;NO
L7-207-SER-TDAF-001;SER-;RESERVA;;R;;;-;-;-;10;8;NO
L7-207-SER-TDAF-001;SER-;ALUMBRADO SUBTERRANEO (17 LUM. 17W);290;;S;;2.5;-;-;10;9;NO
L7-207-SER-TDAF-001;SER-;ALUMBRADO SUBTERRANEO (17 LUM. 17W);290;;S;;2.5;-;-;10;10;NO
L7-207-SER-TDAF-001;SER-;ALUMBRADO SUBTERRANEO (18 LUM. 17W);310;;;T;2.5;-;-;10;11;NO
L7-207-SER-TDAF-001;SER-;RESERVA;;;;T;-;-;-;10;12;NO
L7-207-SER-TDAF-001;SER-;ALUM. EXT. SER SAF LADO SUR Y PATIO SALVATAJE (5 LUM. 140W);700;R;;;10;25.00;30.00;16;13;NO
L7-207-SER-TDAF-001;SER-;RESERVA;;R;;;-;-;-;;14;NO
L7-207-SER-TDAF-001;SER-;PROYECTORES PATIO SALVATAJE (1 LUM. 1000W);1000;;S;;4;25.00;30.00;10;15;NO
L7-207-SER-TDAF-001;SER-;PROYECTORES PATIO SALVATAJE (1 LUM. 1000W);1000;;S;;4;25.00;30.00;10;16;NO
L7-207-SER-TDAF-001;SER-;CIRCUITO CONTROL DE ALUMBRADO (INTERNO);100;;;T;-;-;-;10;17;NO
L7-207-SER-TDAF-001;SER-;ALUM. EXT. BODEGAS Y EST. LADO NORTE (11 LUM. 140W);1540;;;T;25;25.00;30.00;16;18;NO
L7-207-SER-TDF-001;SER-;L7-207-SER-TDAF-002 TABLERO BODEGAS;15363;R;S;T;16;-;-;50;1;NO
L7-207-SER-TDF-001;SER-;L7-207-SER-TDAF-001 TABLERO ALUMBRADO SALA SER;2687;R;S;T;6;-;-;32;2;NO
L7-207-SER-TDF-001;SER-;RESERVA;;R;S;T;-;-;-;40;3;NO
L7-207-SER-TDF-001;SER-;RESERVA;;R;S;T;-;-;-;32;4;NO
L7-207-SER-TDF-001;SER-;RESERVA;;R;S;T;-;-;-;32;5;NO
L7-207-SER-TDF-001;SER-;RESERVA;;R;S;T;-;-;-;10;6;NO
L7-207-SER-TDF-001;SER-;RESERVA;;R;S;T;-;-;-;10;7;NO
L7-207-SER-TDF-001;SER-;RESERVA;;R;S;T;-;-;-;16;8;NO
L7-207-SER-TDF-001;SER-;RESERVA;;R;S;T;-;-;-;16;9;NO
L7-207-SER-TDF-001;SER-;RESERVA;;R;S;T;-;-;-;16;10;NO
L7-207-SER-TDF-001;SER-;L7-207-CAB1-TDAF-001 CABINA TRACCIÓN 1;10180;R;S;T;35;-;-;50;11;NO
L7-207-SER-TDF-001;SER-;L7-207-SER-PE-001 / L7207-SER-PE-010 (STD.-BY) PANEL ENCHUFES SER;5000;R;S;T;6;-;-;32;12;NO
L7-207-SER-TDF-001;SER-;L7-207-SAF1-PE-001 PANEL ENCHUFES SAF 1;5000;R;S;T;6;-;-;32;13;NO
L7-207-SER-TDF-001;SER-;L7-207-SAF2-PE-001 PANEL ENCHUFES SAF 2;5000;R;S;T;6;-;-;32;14;NO
L7-207-SER-TDF-001;SER-;L7-207-SER-PE-002 PANEL ENCHUFES SALA TABLEROS;5000;R;S;T;6;-;-;32;15;NO
L7-207-SER-TDF-001;SER-;L7-207-SER-PE-006 PANEL ENCHUFES SALA COMPRESORES;5000;R;S;T;6;-;-;32;16;NO
L7-207-SER-TDF-001;SER-;L7-207-SER-PE-004 PANEL ENCHUFES SALA CABINA PRINCIPAL;5000;R;S;T;6;-;-;32;17;NO
L7-207-SER-TDF-001;SER-;L7-207-SER-PE-007 PANEL ENCHUFES SALA GENERADOR 1;5000;R;S;T;6;-;-;32;18;NO
L7-207-SER-TDF-001;SER-;L7-207-SER-PE-008 PANEL ENCHUFES SALA GENERADOR 2;5000;R;S;T;10;-;-;32;19;NO
L7-207-SER-TDF-001;SER-;L7-207-SER-PE-009 PANEL ENCHUFES SALA GENERADOR 3;5000;R;S;T;10;-;-;32;20;NO
L7-207-SER-TDF-001;SER-;L7-207-SER-PE-003 PANEL ENCHUFES SALA GENERADOR 4;5000;R;S;T;6;-;-;32;21;NO
L7-207-SER-TDF-002;SER-;L7-247-SCMP-CPM-001 COMPRESOR 1;12333;R;S;T;35;-;-;85;1;NO
L7-207-SER-TDF-002;SER-;L7-247-SCMP-CPM-002 COMPRESOR 2 (STAND-BY);;R;S;T;-;-;-;85;2;NO
L7-207-SER-TDF-002;SER-;L7-247-SCMP-CPM-003 COMPRESOR 3;5000;R;S;T;10;-;-;50;3;NO
L7-207-SER-TDF-002;SER-;L7-247-SCMP-CPM-004 COMPRESOR 4 (STAND-BY);;R;S;T;-;-;-;40;4;NO
L7-207-SER-TDF-002;SER-;L7-247-SCMP-CPM-005 COMPRESOR 5;3666;R;S;T;50;-;-;32;5;NO
L7-207-SER-TDF-002;SER-;L7-247-SCMP-CPM-006 COMPRESOR 6 (STAND-BY);;R;S;T;-;-;-;32;6;NO
L7-207-SER-TDF-002;SER-;RESERVA;;R;S;T;-;-;-;16;7;NO
L7-207-SER-TDF-002;SER-;RESERVA;;R;S;T;-;-;-;16;8;NO
L7-207-CAB4-TDAF-001;CAB4;ALUMBRADO CABINA 4 (1 LUM 26W, 3 LUM. 35W);130;R;;;2.5;-;-;10;1;NO
L7-207-CAB4-TDAF-001;CAB4;RESERVA;;R;;;;;;10;2;NO
L7-207-CAB4-TDAF-001;CAB4;ALUMBRADO SUB. CABINA 4 (2 LUM, 17W);30;;S;;2.5;-;-;10;3;NO
L7-207-CAB4-TDAF-001;CAB4;RESERVA;;;S;;;;;10;4;NO
L7-207-CAB4-TDAF-001;CAB4;RESERVA;;;;T;-;-;-;10;5;NO
L7-207-CAB4-TDAF-001;CAB4;RESERVA;;;;T;;;;10;6;NO
L7-207-CAB4-TDAF-001;CAB4;TABLERO DE ENCHUFES CABINA 4;5000;R;S;T;16;-;-;32;7;NO
L7-207-CAB4-TDAF-001;CAB4;RESERVA;;R;S;T;;;;16;8;NO
L7-207-CAB4-TAE-001;CAB4;ALUMBRADO EMERGENCIA CABINA 4 (1 LUM. 35W);40;R;;;2.5;-;-;10;1;NO
L7-207-CAB4-TAE-001;CAB4;ENCHUFE EMERGENCIA VÍAS DE EVACUACIÓN;10;R;;;2.5;25.00;30.00;10;2;NO
L7-207-CAB4-TAE-001;CAB4;ALUMBRADO SUB. EMERGENCIA CABINA 4 (1 LUM. 17W);20;;S;;2.5;-;-;10;3;NO
L7-207-CAB4-TAE-001;CAB4;RESERVA;;;S;;;;;10;4;NO
L7-207-CAB4-TAE-001;CAB4;EXTRACTOR L7-237-TALL-VIN-004;700;;;T;2.5;-;-;10;5;Sí
L7-207-CAB4-TAE-001;CAB4;RESERVA;;;;T;;;;10;6;NO
L7-207-CAB3-TDAF-001;CAB3;ALUMBRADO CABINA 3 (2 LUM. 35W, 1 LUM, 26W);100;R;;;2.5;-;-;10;1;NO
L7-207-CAB3-TDAF-001;CAB3;RESERVA;;R;;;-;-;-;10;2;NO
L7-207-CAB3-TDAF-001;CAB3;ALUMBRADO SUB. CABINA 3 (1 LUM. 17W);20;;S;;2.5;-;-;10;3;NO
L7-207-CAB3-TDAF-001;CAB3;RESERVA;;;S;;-;-;-;10;4;NO
L7-207-CAB3-TDAF-001;CAB3;RESERVA;0;;;T;-;-;-;10;5;NO
L7-207-CAB3-TDAF-001;CAB3;RESERVA;;;;T;-;-;-;10;6;NO
L7-207-CAB3-TDAF-001;CAB3;TABLERO DE ENCHUFES CABINA 3 L7-207-CAB3-PE-001;5000;R;S;T;16;-;-;32;7;NO
L7-207-CAB3-TDAF-001;CAB3;RESERVA;;R;S;T;-;-;-;10;8;NO
L7-207-CAB3-TAE-001;CAB3;ALUMBRADO EMERGENCIA CABINA 3 (1 LUM. 35W);40;R;;;2.5;-;-;10;1;NO
L7-207-CAB3-TAE-001;CAB3;ALUMBRADO SUB. EMERGENCIA CABINA 3 (1 LUM. 17W);20;;S;;2.5;-;-;10;3;NO
L7-207-CAB3-TAE-001;CAB3;EXTRACTOR L7-237-TALL-VIN-003;200;;;T;2.5;-;-;10;5;Sí
L7-207-CAB3-TAE-001;CAB3;ENCHUFES VÍAS DE EVACUACIÓN;10;R;;;2.5;-;-;10;2;NO
L7-207-CAB3-TAE-001;CAB3;RESERVA;0;;S;;-;-;-;10;4;NO
L7-207-CAB3-TAE-001;CAB3;RESERVA;;;;T;-;-;-;10;6;NO
L7-207-LTEA-TDAF-001;LTEA;AL. ESTACIONAMIENTO Y SECTOR NORTE (11 LUM. 140W);1540;R;;;25;25.00;30.00;16;1;NO
L7-207-LTEA-TDAF-001;LTEA;AL. CASINO Y SECTOR NORTE ED. PRIMER PISO (35 LUM. 36W);1370;R;;;6;-;-;10;2;NO
L7-207-LTEA-TDAF-001;LTEA;L7-E00-EDAM-UIV-A-001-002-005;590;;S;;2.5;-;-;10;3;Sí
L7-207-LTEA-TDAF-001;LTEA;L7-E00-EDAM-UIV-A-004 - 003;400;;S;;2.5;-;-;10;4;Sí
L7-207-LTEA-TDAF-001;LTEA;L7-E00-EDAM-VEA-001 EXT. BASURA;200;;;T;2.5;-;-;10;5;Sí
L7-207-LTEA-TDAF-001;LTEA;L7-E00-EDAM-UIV-A-006 OFICINA COCINA;20;;;T;2.5;-;-;10;6;Sí
L7-207-LTEA-TDAF-001;LTEA;L7-E00-EDAM-UIV-A-007 / 8 PASILLO ACCESO Y SALA DESCANSO ASEO;110;R;;;2.5;-;-;10;7;Sí
L7-207-LTEA-TDAF-001;LTEA;ENCHUFES ALUMBRADO CASINO;750;R;;;2.5;25.00;30.00;16;8;NO
L7-207-LTEA-TDAF-001;LTEA;ENCHUFES MICROONDAS;2600;;S;;2.5;25.00;30.00;16;9;NO
L7-207-LTEA-TDAF-001;LTEA;ALU. ACCESO, BAÑOS COMEDOR Y BAÑOS ASEO (18 LUM. 12W, 2 DE 17W, 8 DE 36W, 6 DE 9W, 6 DE 26W);750;;S;;2.5;-;-;10;10;NO
L7-207-LTEA-TDAF-001;LTEA;ENCHUFES ACCESO PONIENTE, PASILLO, SHAFT, SALA DESCANSO, BAÑOS, Y CAMARINES PERSONAL ASEO, BAÑOS COMEDOR;1800;;;T;4;25.00;30.00;16;11;NO
L7-207-LTEA-TDAF-001;LTEA;AL. SECTOR PRIMER PISO (6 LUM. 12W, 2 DE 17W, 17 DE 36W);720;;;T;2.5;-;-;10;12;NO
L7-207-LTEA-TDAF-001;LTEA;L7-E00-EDAM-COR-001/002;260;R;;;2.5;-;-;10;13;NO
L7-207-LTEA-TDAF-001;LTEA;L7-E00-EDAM-COR-003/004/006;520;R;;;2.5;-;-;10;14;NO
L7-207-LTEA-TDAF-001;LTEA;SECADOR DE MANOS BAÑOS DISCAPACITADOS;2000;;S;;2.5;25.00;30.00;16;15;NO
L7-207-LTEA-TDAF-001;LTEA;L7-E00-EDAM-COR-007;190;;S;;2.5;-;-;10;16;NO
L7-207-LTEA-TDAF-001;LTEA;ENCHUFES ALUMBRADO COCINA CENTRAL;750;;;T;2.5;25.00;30.00;16;17;NO
L7-207-LTEA-TDAF-001;LTEA;SECADOR DE MANOS DISCAPACITADOS;1000;;;T;2.5;25.00;30.00;10;18;NO
L7-207-LTEA-TDAF-001;LTEA;ALUMBRADO VIAS (8 LUM. 1000W);2667;R;S;T;10;25.00;30.00;20;19;NO
L7-207-LTEA-TDAF-001;LTEA;ALUMBRADO VIAS (8 LUM. 1000W);2667;R;S;T;10;25.00;30.00;20;20;NO
L7-207-LTEA-TDAF-001;LTEA;ALUMBRADO VIAS (8 LUM. 1000W);2667;R;S;T;16;25.00;30.00;20;21;NO
L7-207-LTEA-TDAF-001;LTEA;ALUMBRADO VIAS (8 LUM. 1000W);2667;R;S;T;25;25.00;30.00;20;22;NO
L7-207-LTEA-TDAF-001;LTEA;FREIDORA ELECTRICA A5;6000;R;S;T;10;40.00;30.00;40;23;NO
L7-207-LTEA-TDAF-001;LTEA;PLANCHA CHURRASQUERA A6;4000;R;S;T;6;32.00;30.00;32;24;NO
L7-207-LTEA-TDAF-001;LTEA;COCINA ELECTRICA A7;6933;R;S;T;16;63.00;30.00;50;25;NO
L7-207-LTEA-TDAF-001;LTEA;HORNO ELECTRICO A8;6200;R;S;T;16;63.00;30.00;50;26;NO
L7-207-LTEA-TDAF-001;LTEA;ENCHUFE REFRIGERADOR INDUSTRIAL A11 Y MESON REFRIGERADO A 15;1500;R;;;4;25.00;30.00;16;27;NO
L7-207-LTEA-TDAF-001;LTEA;ENCHUFE ALIM. SALSERA, MESÓN REFRIG. B7 B6 Y VISI COOLER B9 (2);1640;R;;;6;25.00;30.00;16;28;NO
L7-207-LTEA-TDAF-001;LTEA;ENCHUFE ALIM. BATIDORA C5 Y FREEZER INDUSTYRIAL C13;1850;;S;;6;25.00;30.00;16;29;NO
L7-207-LTEA-TDAF-001;LTEA;ENCHUFE ALIM. MESÓN FREIG. C6 (2), REFRI. INDUSTRIAL C9, CAMPANA MURAL C1;1700;;S;;6;25.00;30.00;16;30;NO
L7-207-LTEA-TDAF-001;LTEA;RESERVA;;;;T;-;-;-;16;31;NO
L7-207-LTEA-TDAF-001;LTEA;ENCHUFE REFRIGERADOR D3, VISI COOLER D4 (2);1500;;;T;4;25.00;30.00;16;32;NO
L7-207-LTEA-TDAF-001;LTEA;BOMBA PARA RIEGO;733;R;S;T;6;25.00;30.00;10;33;NO
L7-207-LTEA-TDAF-001;LTEA;ENCIMERA ELECTRICA C7;6933;R;S;T;16;63.00;30.00;50;34;NO
L7-207-LTEA-TDAF-001;LTEA;ENCHUFE ALUMBRADO COCINA BAJA;1200;R;;;6;25.00;30.00;10;35;NO
L7-207-LTEA-TDAF-001;LTEA;ENCHUFE ALIM. CARRO TERMICO Ñ2, VISICOOLER Ñ3 Y Ñ4;3100;R;;;6;25.00;30.00;20;36;NO
L7-207-LTEA-TDAF-001;LTEA;ENCHUFE ALIM. SALAD BAR Ñ6, PEROL (2), VITRINA Ñ3, Y DISP. DE JUGOS;3030;;S;;6;25.00;30.00;20;37;NO
L7-207-LTEA-TDAF-001;LTEA;DISPENSADOR AGUA CALIENTE O5;4000;;S;;6;40.00;30.00;32;38;NO
L7-207-LTEA-TDAF-001;LTEA;SECADOR DE MANOS BAÑOS SEGURIDAD;2000;;;T;4;25.00;30.00;16;39;NO
L7-207-LTEA-TDAF-001;LTEA;SECADOR DE MANOS BAÑOS COMEDOR;2000;;;T;2.5;25.00;30.00;16;40;NO
L7-207-LTEA-TDAF-001;LTEA;MAQUINA LAVAVAJILLAS L2;2833;R;S;T;4;25.00;30.00;20;41;NO
L7-207-LTEA-TDAF-001;LTEA;EQUIPO BAÑO MARIA Ñ9 Y Ñ10;3200;R;S;T;4;25.00;30.00;16;42;NO
L7-207-LTEA-TDAF-001;LTEA;BOMBA TERMO 1;100;R;;;2.,5;25.00;30.00;10;43;NO
L7-207-LTEA-TDAF-001;LTEA;BOMBA TERMO 2;100;R;;;2.5;25.00;30.00;10;44;NO
L7-207-LTEA-TDAF-001;LTEA;RESERVA;0;;S;;-;-;-;16;45;NO
L7-207-LTEA-TDAF-001;LTEA;RESERVA;0;;S;;-;-;-;16;46;NO
L7-207-LTEA-TDAF-001;LTEA;RESERVA;0;;;T;-;-;-;16;47;NO
L7-207-LTEA-TDAF-001;LTEA;CIRCUITO CONTROL DE ALUMBRADO (INTERNO);100;;;T;-;-;-;16;48;NO
L7-207-LTEA-TAE-001;LTEA;AL. EMRGENCIA EST. Y SECTOR NORTE (9 LUM. 140W);1260;R;;;16;25.00;30.00;10;1;NO
L7-207-LTEA-TAE-001;LTEA;CERCO ELECTRICO E3/E4;10;R;;;4;25.00;30.00;10;2;NO
L7-207-LTEA-TAE-001;LTEA;CERCO ELECTRICO E5/E46;10;;S;;4;25.00;30.00;10;3;NO
L7-207-LTEA-TAE-001;LTEA;AL. EMERG. CASINO Y BAÑOS COMEDOR (9 LUM. 36W);320;;S;;2.5;-;-;10;4;NO
L7-207-LTEA-TAE-001;LTEA;A. EM. ACC. PAS. SALA DES. BAÑOS ASEO (8 L. 12W, 2 L. 17W, 3 L. 36W);240;;;T;2.5;-;-;10;5;NO
L7-207-LTEA-TAE-001;LTEA;AL. EMER. LAVAV. RESIDUOS, CAMAR. Y PASILLOS SUR (3 LUM. 12W, 2 DE 17W, 10 DE 36W);430;;;T;2.5;-;-;10;6;NO
L7-207-LTEA-TAE-001;LTEA;ALUMBRADO EMERGENCIA ESTANQUE DE AGUA;70;R;;;2.5;25.00;30.00;10;7;NO
L7-207-LTEA-TAE-001;LTEA;RESERVA;;R;;;-;-;-;10;8;NO
L7-207-LTEA-TAE-001;LTEA;ALUM. ASCENSOR SHAFT Y FOSO (5 LUM. 12W);60;;S;;2.5;-;-;10;9;NO
L7-207-LTEA-TAE-001;LTEA;CIRCUITO CONTROL DE ALUMBRADO (INTERNO);100;;S;;-;-;-;10;10;NO
L7-207-LTEA-TAE-001;LTEA;ALUM. ASECENSOR CABINAS (1 LUM. 12W);10;;;T;2.5;-;-;10;11;NO
L7-207-LTEA-TAE-001;LTEA;ENCHUFES SEÑALETICA VÍAS DE EVACUACIÓN;1650;;;T;6;25.00;30.00;10;12;NO
L7-207-LTEA-TAE-001;LTEA;L7-207-LTEA-TAE-002;517;R;S;T;4;-;-;20;13;NO
L7-207-LTEA-TAE-001;LTEA;RESERVA;;R;S;T;-;-;-;10;14;NO
L7-207-LTEA-TAE-002;LTEA;AL. EMER. SALA CAP. PASILLO Y BAÑOS (4 LUM. 12W, 8 LUM. 36W);340;R;;;2.5;-;-;10;1;NO
L7-207-LTEA-TAE-002;LTEA;AL. EMER. ESCALERA (2 LUM. 9W, 1 LUM. 36W, 1 LUM. 53W));110;R;;;2.5;-;-;10;2;NO
L7-207-LTEA-TAE-002;LTEA;AL.O SALA REUNIONES, OPEN SPACE, LT Y ASEO (4 LUM. 36W, 2 DE 17W));180;;S;;2.5;-;-;10;3;NO
L7-207-LTEA-TAE-002;LTEA;CIRCUITO CONTROL DE ALUMBRADO (INTERNO);100;;S;;-;-;-;10;4;NO
L7-207-LTEA-TAE-002;LTEA;AL. CALL CENTER, BODEGA Y COCINA (3 LUM. 36W, 4 DE 17W);180;;;T;2.5;-;-;10;5;NO
L7-207-LTEA-TAE-002;LTEA;ALIMENTACIÓN TABLERO DE COMUNICACIONES L7-207-LTEA-COM-002;500;;;T;2.5;-;-;10;6;NO
L7-207-LTEA-TAE-002;LTEA;ALUMBRADO SEÑALÉTICA DE EMERGENCIA;750;R;;;2.5;-;-;10;7;NO
L7-207-LTEA-TAE-002;LTEA;RESERVA;;R;;;-;-;-;10;8;NO
L7-207-LTEA-TAE-002;LTEA;RESERVA;;;S;;-;-;-;10;9;NO
L7-207-LTEA-TAE-002;LTEA;RESERVA;;;S;;-;-;-;10;10;NO
L7-207-LTEA-TAE-002;LTEA;RESERVA;;;;T;-;-;-;10;11;NO
L7-207-LTEA-TAE-002;LTEA;RESERVA;;;;T;-;-;-;10;12;NO
L7-207-LTEA-TAE-010;LTEA;RESERVA;;R;S;T;-;-;-;32;1;NO
L7-207-LTEA-TAE-010;LTEA;PANEL FUERZA Y CONTROL BOMBA AGUA POTABLE L7-207-SBBA-BVV-0001;3750;R;S;T;16;-;-;32;2;NO
L7-207-LTEA-TAE-010;LTEA;ASCENSOR ED. ADMINISTRACION;2767;R;S;T;6;-;-;20;3;NO
L7-207-LTEA-TAE-010;LTEA;PANEL FUERZA Y CONTROL PEAS L7-207-GEN-BBA-0001/2;1000;R;S;T;10;-;-;40;4;NO
L7-207-LTEA-TAE-010;LTEA;SISTEMA REFRIGERACION A;577;R;S;T;2.5;-;-;10;5;NO
L7-207-LTEA-TAE-010;LTEA;SISTEMA REFRIGERACION B;577;R;S;T;2.5;-;-;10;6;NO
L7-207-LTEA-TAE-010;LTEA;BOMBA SENTINA DE ACHIQUES;500;R;S;T;4;-;-;10;7;Sí
L7-207-LTEA-TAE-010;LTEA;RESERVA;;R;S;T;-;-;-;16;8;NO
L7-207-LTEA-TAE-010;LTEA;RESERVA;;R;S;T;-;-;-;16;9;NO
L7-207-LTEA-TAE-010;LTEA;RESERVA;;R;S;T;-;-;-;10;10;NO
L7-207-LTTA-TDF-007;LTTA;TERMO ELECTRICO TALLER;2000;R;S;T;6.0;-;-;16;1;NO
L7-207-LTTA-TDF-007;LTTA;TERMO ELECTRICO TALLER;2000;R;S;T;6.0;-;-;16;2;NO
L7-207-LTTA-TDF-007;LTTA;TERMO ELECTRICO TALLER;2000;R;S;T;6.0;-;-;16;3;NO
L7-207-LTTA-TDF-007;LTTA;BOMBA CALOR 1 PISO L7-237-EDST-BEC-001;5500;R;S;T;16.0;-;-;32;4;Sí
L7-207-LTTA-TDF-007;LTTA;BOMBA CALOR 2 PISO L7-237-EDST-BEC-002;3000;R;S;T;10.0;-;-;32;5;Sí
L7-207-LTTA-TDF-007;LTTA;RESERVA;0;R;S;T;-;-;-;16;6;NO
L7-207-LTTA-TDF-007;LTTA;RESERVA;0;R;S;T;-;-;-;16;7;NO
L7-207-LTTA-TDF-007;LTTA;RESERVA;0;R;S;T;-;-;-;32;8;NO
L7-207-LTTA-TDAF-006;LTTA;ALUMBRADO EXTERIOR LADO SUR (7 LUMINARIAS DE 140W);980;R;;;16.0;25.00;30.00;10;1;NO
L7-207-LTTA-TDAF-006;LTTA;ALUMBRADO EXTERIOR LADO NORTE (7 LUMINARIAS DE 140W);980;R;;;10.0;25.00;30.00;10;2;NO
L7-207-LTTA-TDAF-006;LTTA;ALUMBRADO FOSO 1 (68 LUMINARIAS DE 17W);1160;;S;;10.0;25.00;30.00;10;3;NO
L7-207-LTTA-TDAF-006;LTTA;ALUMBRADO FOSO 2 (68 LUMINARIAS DE 17W);1160;;S;;10.0;25.00;30.00;10;4;NO
L7-207-LTTA-TDAF-006;LTTA;ALUMBRADO FOSO 3 (68 LUMINARIAS DE 17W);1160;;;T;10.0;25.00;30.00;10;5;NO
L7-207-LTTA-TDAF-006;LTTA;ALUMBRADO FOSO 4 (68 LUMINARIAS DE 17W);1160;;;T;10.0;25.00;30.00;10;6;NO
L7-207-LTTA-TDAF-006;LTTA;ALUMBRADO TORNO FOSO (6 LUM, DE 190W);1140;R;;;16.0;-;-;16;7;NO
L7-207-LTTA-TDAF-006;LTTA;ALUMBRADO PLATAFORMAS GRÚAS 1 (22 LUM. DE 36W);790;R;;;10.0;-;-;10;8;NO
L7-207-LTTA-TDAF-006;LTTA;ALUMBRADO PLATAFORMAS GRÚAS 2 (22 LUM. DE 36W);790;;S;;10.0;-;-;10;9;NO
L7-207-LTTA-TDAF-006;LTTA;ALUMBRADO BAJO PLATAFORMA 1 (24 LUM. DE 36W);860;;S;;10.0;-;-;10;10;NO
L7-207-LTTA-TDAF-006;LTTA;ALUMBRADO BAJO PLATAFORMA 2 (24 LUM. DE 36W);860;;;T;10.0;-;-;10;11;NO
L7-207-LTTA-TDAF-006;LTTA;BOMBA TERMO 1;100;;;T;2.5;25.00;30.00;10;12;NO
L7-207-LTTA-TDAF-006;LTTA;ALUMBRADO FOSO VÍA ARM.Y DES. DE BOGIES (16 ALUM. DE 17W Y 6 DE 36W);490;R;;;4.0;25.00;30.00;10;13;NO
L7-207-LTTA-TDAF-006;LTTA;BOMBA TERMO 2;100;R;;;2.5;25.00;30.00;10;14;NO
L7-207-LTTA-TDAF-006;LTTA;RESERVA;;;S;;-;25.00;30.00;10;15;NO
L7-207-LTTA-TDAF-006;LTTA;EXTRACTOR L7-237-TALL-VEC-002 Y ENCHUFE BAÑOS SUR PONIENTE;700;;S;;10.0;25.00;30.00;10;16;Sí
L7-207-LTTA-TDAF-006;LTTA;EXTRACTOR L7-237-TALL-VEC-007 Y ENCHUFE BAÑOS SUR ORIENTE;700;;;T;6.0;25.00;30.00;10;17;Sí
L7-207-LTTA-TDAF-006;LTTA;RESERVA;;;;T;-;25.00;30.00;10;18;NO
L7-207-LTTA-TDAF-006;LTTA;RESERVA;;R;;;-;-;-;10;19;NO
L7-207-LTTA-TDAF-006;LTTA;BOMBA TERMO 3;100;R;;;2.5;-;-;10;20;NO
L7-207-LTTA-TDAF-006;LTTA;SECADOR DE MANOS BAÑOS SUR PONIENTE;1000;;S;;16.0;25.00;30.00;10;21;NO
L7-207-LTTA-TDAF-006;LTTA;SECADOR DE MANOS BAÑOS SUR PONIENTE;1000;;S;;16.0;25.00;30.00;10;22;NO
L7-207-LTTA-TDAF-006;LTTA;SECADOR DE MANOS BAÑOS SUR PONIENTE;1000;;;T;16.0;25.00;30.00;10;23;NO
L7-207-LTTA-TDAF-006;LTTA;SECADOR DE MANOS BAÑOS SUR PONIENTE;1000;;;T;10.0;25.00;30.00;10;24;NO
L7-207-LTTA-TDAF-006;LTTA;SECADOR DE MANOS BAÑOS SUR PONIENTE;1000;R;;;10.0;25.00;30.00;10;25;NO
L7-207-LTTA-TDAF-006;LTTA;SECADOR DE MANOS BAÑOS SUR PONIENTE;1000;R;;;10.0;25.00;30.00;10;26;NO
L7-207-LTTA-TDAF-006;LTTA;RESERVA;;;S;;-;25.00;30.00;10;27;NO
L7-207-LTTA-TDAF-006;LTTA;EXTRACTOR L7-237-TALL-VEA00 3/4 Y ENCHUFES BAÑO NORTE;340;;S;;2.5;25.00;30.00;10;28;Sí
L7-207-LTTA-TDAF-006;LTTA;EXTRACTOR L7-237-TALL-VEA00 1/2 Y ENCHUFES BAÑOSPONIENTE;340;;;T;4.0;25.00;30.00;10;29;Sí
L7-207-LTTA-TDAF-006;LTTA;SECADOR DE MANOS BAÑOS PONIENTE;2000;;;T;25.0;25.00;30.00;16;30;NO
L7-207-LTTA-TDAF-006;LTTA;SECADOR DE MANOS BAÑOS NORTE;2000;R;;;10.0;25.00;30.00;16;31;NO
L7-207-LTTA-TDAF-006;LTTA;RESERVA;;R;;;-;25.00;30.00;10;32;NO
L7-207-LTTA-TDAF-006;LTTA;ALUMBRADO FOSO GRAN REVISION 2 (53 LUMINARIAS DE 17W);900;;S;;10.0;25.00;30.00;10;33;NO
L7-207-LTTA-TDAF-006;LTTA;ALUMBRADO FOSO GRAN REVISION 3 (53 LUMINARIAS DE 17W);900;;S;;10.0;25.00;30.00;10;34;NO
L7-207-LTTA-TDAF-006;LTTA;ALUMBRADO FOSO GRAN REVISION 4 (53 LUMINARIAS DE 17W);900;;;T;6.0;25.00;30.00;10;35;NO
L7-207-LTTA-TDAF-006;LTTA;ALUMBRADO FOSO GRAN REVISION 5 (53 LUMINARIAS DE 17W);900;;;T;6.0;25.00;30.00;10;36;NO
L7-207-LTTA-TDAF-006;LTTA;PROYECTORES FACHADA;1000;R;S;T;10.0;25.00;30.00;10;37;NO
L7-207-LTTA-TDAF-006;LTTA;ALUMBRADO INTERIOR (45 LUMINARIAS DE 190W);2850;R;S;T;16.0;-;-;16;38;NO
L7-207-LTTA-TDAF-006;LTTA;ALUMBRADO INTERIOR (45 LUMINARIAS DE 190W);2850;R;S;T;16.0;-;-;16;39;NO
L7-207-LTTA-TDAF-006;LTTA;ALUMBRADO INTERIOR (45 LUMINARIAS DE 190W);2850;R;S;T;16.0;-;-;16;40;NO
L7-207-LTTA-TDAF-006;LTTA;ALUMBRADO INTERIOR (45 LUMINARIAS DE 190W);2850;R;S;T;16.0;-;-;16;41;NO
L7-207-LTTA-TDAF-006;LTTA;ALUMBRADO INTERIOR (45 LUMINARIAS DE 190W);2850;R;S;T;16.0;-;-;16;42;NO
L7-207-LTTA-TDAF-006;LTTA;RESERVA;;R;S;T;-;-;-;16;43;NO
L7-207-LTTA-TDAF-006;LTTA;ALUMBRADO AUTÓNOMO (42 LUM. 26W);363;R;S;T;-;-;-;16;44;NO
L7-207-LTTA-TDAF-006;LTTA;ALUMBRADO INTERIOR (15 LUMINARIAS DE 190W);2850;R;S;T;35;-;-;16;45;NO
L7-207-LTTA-TDAF-006;LTTA;ALUMBRADO FOSOS GRAN REVISIÓN 1 (53 LUMINARIAS DE 17W);900;R;;;10;25.00;30.00;10;46;NO
L7-207-LTTA-TDAF-006;LTTA;RESERVA;;;S;;-;-;-;10;47;NO
L7-207-LTTA-TDAF-006;LTTA;RESERVA;0;;S;;-;-;-;10;48;NO
L7-207-LTTA-TDAF-006;LTTA;RESERVA;0;;;T;-;-;-;10;49;NO
L7-207-LTTA-TDAF-006;LTTA;CIRCUITO DE CONTROL ALUMBRADO (INTERNO);100;;;T;-;-;-;16;50;NO
L7-207-LTTA-TDF-004;LTTA;L7-207-CAB3-TDAF-001;5037;R;S;T;35.0;-;-;50;1;NO
L7-207-LTTA-TDF-004;LTTA;L7-207-CAB4-TDAF-001;5057;R;S;T;35.0;-;-;50;2;NO
L7-207-LTTA-TDF-004;LTTA;ENCHUFE DE FUERZA SECTOR TORNO FOSO Y LADO NORTE DEL EDIFICIO;5000;R;S;T;35.0;-;-;32;3;NO
L7-207-LTTA-TDF-004;LTTA;ENCHUFE DE FUERZA PILARES SEPARACIÓN MANTENCIÓN MENOR Y MAYOR;10000;R;S;T;35.0;-;-;63;4;NO
L7-207-LTTA-TDF-004;LTTA;ENCHUFE DE FUERZA FOSOS 1, 2 Y 3 REPARACIÓN MENOR;10000;R;S;T;25.0;-;-;63;5;NO
L7-207-LTTA-TDF-004;LTTA;ENCHUFE DE FUERZA FOSOS 4 Y 5 REPARACIÓN MENOR;10000;R;S;T;25.0;-;-;63;6;NO
L7-207-LTTA-TDF-004;LTTA;ENCHUFE DE FUERZA FOSOS 1 Y 2 (GATO LEVANTE) MANT. MAYOR;10000;R;S;T;25.0;-;-;63;7;NO
L7-207-LTTA-TDF-004;LTTA;ENCHUFE DE FUERZA FOSOS 3 Y 4 MANT. MAYOR;10000;R;S;T;25.0;-;-;63;8;NO
L7-207-LTTA-TDF-004;LTTA;ENCHUFE DE FUERZA LADO SUR MANT. MAYOR;10000;R;S;T;25.0;-;-;63;9;NO
L7-207-LTTA-TDF-004;LTTA;ENCHUFE DE FUERZA LAVADORA BOGIE Y VÍAA ARMADO Y DESARMADO;10000;R;S;T;16.0;-;-;63;10;NO
L7-207-LTTA-TDF-004;LTTA;EQUIPO SPLIT SERVICIO TALLERES NIVEL 1, L7-237-EDST-UIS/UES-003;1100;R;S;T;2.5;25.00;30.00;10;11;Sí
L7-207-LTTA-TDF-004;LTTA;EQUIPO SPLIT ALMACE N DE PRUEBAS Y HERRAMIENTAS, L7-237-EDST-UIS/UES-002;1100;R;S;T;2.5;25.00;30.00;10;12;Sí
L7-207-LTTA-TDF-004;LTTA;EQUIPO SPLIT TALLER DE BATERÍAS, L7-237-EDST-UIS/UES-001;1500;R;S;T;2.5;25.00;30.00;16;13;Sí
L7-207-LTTA-TDF-004;LTTA;L7-237-EDST-VIN-001 AIRE SECTOR NORTE;1000;R;S;T;2.5;25.00;30.00;10;14;Sí
L7-207-LTTA-TDF-004;LTTA;L7-237-EDST-VIN-002 AIRE SECTOR SUR;1333;R;S;T;6.0;25.00;30.00;10;15;Sí
L7-207-LTTA-TDF-004;LTTA;RESERVA;0;R;S;T;-;-;-;32;16;NO
L7-207-LTTA-TDF-004;LTTA;RESERVA;0;R;S;T;-;-;-;32;17;NO
L7-207-LTTA-TDF-004;LTTA;RESERVA;0;R;S;T;-;-;-;16;18;NO
L7-207-LTTA-TDF-004;LTTA;RESERVA;0;R;S;T;-;-;-;16;19;NO
L7-207-LTTA-TDF-004;LTTA;RESERVA;0;R;S;T;-;-;-;10;20;NO
L7-207-LTTA-TDF-020;LTTA;L7-207-LTTA-TDAF-021;8237;R;S;T;10.0;-;-;40;1;NO
L7-207-LTTA-TDF-020;LTTA;L7-207-LTTA-TDAF-022;24383;R;S;T;35.0;-;-;80;2;NO
L7-207-LTTA-TDF-020;LTTA;L7-237-EDST-VEC-002 EXTRACTOR TALLERES Y ALMACENES SECTOR NORTE;533;R;S;T;2.5;4.00;25.00;10;3;Sí
L7-207-LTTA-TDF-020;LTTA;L7-237-EDST-VEC-003 EXTRACTOR BAÑOS Y ASEO SECTOR NORTE;333;R;S;T;2.5;-;-;10;4;Sí
L7-207-LTTA-TDF-020;LTTA;L7-237-EDST-VEC-005 EXRACTOR BAÑOS Y ASEO Y CAMARINES SECTOR SUR;333;R;S;T;2.5;4.00;25.00;10;5;Sí
L7-207-LTTA-TDF-020;LTTA;L7-237-EDST-VEC-006 EXTRACTOR GENERAL OFICINAS SECTOR SUR;333;R;S;T;2.5;25.00;4.00;10;6;Sí
L7-207-LTTA-TDF-020;LTTA;L7-237-EDST-VEA-001 EXTRACCION BODEGA 1;233;R;S;T;2.5;-;-;10;7;Sí
L7-207-LTTA-TDF-020;LTTA;L7-237-EDST-VEA-002 EXTRACCION BODEGA 2;233;R;S;T;2.5;-;-;10;8;Sí
L7-207-LTTA-TDF-020;LTTA;L7-207-LTTA-TDF-031;6120;R;S;T;25;-;-;50;9;NO
L7-207-LTTA-TDF-020;LTTA;RESERVA;0;R;S;T;-;-;-;10;10;NO
L7-207-LTTA-TDF-020;LTTA;RESERVA;0;R;S;T;-;-;-;10;11;NO
L7-207-LTTA-TDF-020;LTTA;CONTROL EXTRACTORES;100;R;;;-;-;-;10;12;NO
L7-207-LTTA-TDAF-021;LTTA;L7-237-EDST-UIV-A-001 @ 005;380;R;;;2.5;-;-;10;1;Sí
L7-207-LTTA-TDAF-021;LTTA;RESERVA;;R;;;-;-;-;10;2;NO
L7-207-LTTA-TDAF-021;LTTA;SECADOR MANO CAMAMRINES CONTRATISTAS Y BAÑO SUR;2000;;S;;10;25.00;30.00;16;3;NO
L7-207-LTTA-TDAF-021;LTTA;SECADOR MANOS BAÑO SUR;2000;;S;;10;25.00;30.00;16;4;NO
L7-207-LTTA-TDAF-021;LTTA;ENCHUFES BAÑO, PASILLO Y CAMARINES CONTRATISTAS;900;;;T;6;25.00;30.00;10;5;NO
L7-207-LTTA-TDAF-021;LTTA;ENCHUFES BODEGA NIVEL 1;2400;;;T;16;25.00;30.00;16;6;NO
L7-207-LTTA-TDAF-021;LTTA;ENCHUFE PASILLO, PAÑOL ASEO, OFICINA BODEGUERO;1650;R;;;6;25.00;30.00;10;7;NO
L7-207-LTTA-TDAF-021;LTTA;ENCHUFE TALLER MECÁNICO, LT, TALLER ASEO, ALMACEN PRUEBAS;2550;R;;;6;25.00;30.00;16;8;NO
L7-207-LTTA-TDAF-021;LTTA;TALLER ELECTRONICO, ALMACEN HERRAMIENTAS COLECTIVAS;1350;;S;;6;25.00;30.00;16;9;NO
L7-207-LTTA-TDAF-021;LTTA;RECINTO TÉCNICO TRABAJO;2700;;S;;6;25.00;30.00;16;10;NO
L7-207-LTTA-TDAF-021;LTTA;ENCHUFES PASILLO, PERSONAL ASEO, BAÑOS, SALA SALUD;1800;;;T;4;25.00;30.00;16;11;NO
L7-207-LTTA-TDAF-021;LTTA;SECADOR MANO BAÑOS NORTE PRIMER PISO;2000;;;T;6;25.00;30.00;10;12;NO
L7-207-LTTA-TDAF-021;LTTA;SECADOR DE MANO BAÑO DISCAPACITADOS;1000;R;;;4;25.00;30.00;10;13;NO
L7-207-LTTA-TDAF-021;LTTA;ALUM. BAT. RECINTO TÉCNICO, TALLER Y PASILLO NORTE (11 LUM. 12W, 22 DE 17W, 11 DE 36W, 10 DE 29W);1190;R;;;6;25.00;30.00;10;14;NO
L7-207-LTTA-TDAF-021;LTTA;RESERVA;0;;S;;-;-;-;10;15;NO
L7-207-LTTA-TDAF-021;LTTA;ALUM. BAÑOS, SALUD, OF. BODEGUERO, PAÑOL (4 LUM. 17W, 5 DE 36W);250;;S;;2.5;-;-;10;16;NO
L7-207-LTTA-TDAF-021;LTTA;ALUMBRADO BODEGA 1 (37 LUM. 17W);630;;;T;4;-;-;10;17;NO
L7-207-LTTA-TDAF-021;LTTA;RESERVA;0;;;T;-;-;-;10;18;NO
L7-207-LTTA-TDAF-021;LTTA;AL. BAÑOS, CAMAR. PASILLO SECTOR SUR, 1° PISO (15 LUM. 12W, 5 DE 36W);360;R;;;2.5;-;-;10;19;NO
L7-207-LTTA-TDAF-021;LTTA;ALUMBRADO BODEGA 2 (34 LUM. 17W);580;R;;;2.5;-;-;10;20;NO
L7-207-LTTA-TDAF-021;LTTA;ALUMBRADO EMERGENCIA AUTÓNMOMO (16 LUM. 36W);180;;S;;4;-;-;10;21;NO
L7-207-LTTA-TDAF-021;LTTA;RESERVA;;;S;;-;-;-;10;22;NO
L7-207-LTTA-TDAF-021;LTTA;RESERVA;;;;T;-;-;-;10;23;NO
L7-207-LTTA-TDAF-021;LTTA;RESERVA;;;;T;-;-;-;10;24;NO
L7-207-LTTA-TDAF-021;LTTA;ALUM. LOCAL TÉCNICO Y ALEDAÑOS Y PASILLO (27 LUM. 17W);460;R;;;2.5;-;-;10;25;NO
L7-207-LTTA-TDAF-021;LTTA;CIRCUITO CONTROL DE ALUMBRADO (INTERNO);100;R;;;-;-;-;10;26;NO
L7-207-LTTA-TDAF-021;LTTA;RESERVA;;;S;;-;-;-;10;27;NO
L7-207-LTTA-TDAF-021;LTTA;RESERVA;;;S;;-;-;-;10;28;NO
L7-207-LTTA-TDAF-021;LTTA;RESERVA;;;;T;-;-;-;10;29;NO
L7-207-LTTA-TDAF-021;LTTA;RESERVA;;;;T;-;-;-;10;30;NO
L7-207-LTTA-TDAF-021;LTTA;RESERVA;;R;S;T;-;-;-;10;31;NO
L7-207-LTTA-TDAF-021;LTTA;RESERVA;;R;S;T;-;-;-;10;32;NO
L7-207-LTTA-TDAF-021;LTTA;RESERVA;;R;S;T;-;-;-;10;33;NO
L7-207-LTTA-TDAF-021;LTTA;RESERVA;;R;S;T;-;-;-;10;34;NO
L7-207-LTTA-TDAF-022;LTTA;RESERVA;0;R;S;T;-;-;-;32;1;NO
L7-207-LTTA-TDAF-022;LTTA;RESERVA;0;R;S;T;-;-;-;32;2;NO
L7-207-LTTA-TDAF-022;LTTA;L7-237-EDST-UIV-A-/010 / 16 / 15;270;R;;;2.5;-;-;10;3;Sí
L7-207-LTTA-TDAF-022;LTTA;L7-237-EDST-UIV-B-001 / 2 / 3 / 4;150;R;;;2.5;-;-;10;4;Sí
L7-207-LTTA-TDAF-022;LTTA;L7-237-EDST-UIV-A-011 / 12 / 13 / 14;180;;S;;2.5;-;-;10;5;Sí
L7-207-LTTA-TDAF-022;LTTA;L7-237-EDST-VEC-004 EXTRACTOR GENERAL OFICINAS SECTOR NORTE;600;;S;;4.0;-;-;10;6;Sí
L7-207-LTTA-TDAF-022;LTTA;L7-237-EDST-UIV-B-009-010-011-012;790;;;T;6.0;-;-;10;7;Sí
L7-207-LTTA-TDAF-022;LTTA;ALUMBRADO AUTÓNOMO SEGUNDO PISO TALLER;470;;;T;4.0;-;-;10;8;NO
L7-207-LTTA-TDAF-022;LTTA;ENCHUFE OPEN SPACE CONTRATISTA MR +CBTC 1;1800;R;;;6.0;25.00;30.00;16;9;NO
L7-207-LTTA-TDAF-022;LTTA;RESERVA;;R;;;-;-;-;10;10;NO
L7-207-LTTA-TDAF-022;LTTA;L7-237-EDST-UIV-A-006/007/008/009 OPEN SPACE CBTC;380;;S;;2.5;-;-;10;11;Sí
L7-207-LTTA-TDAF-022;LTTA;L7-237-EDST-UIV-B-013 / 14 / 15 / 16 / 17 / 18;390;;S;;2.5;-;-;10;12;Sí
L7-207-LTTA-TDAF-022;LTTA;ENCHUFE OPEN SPACE CONTRATISTA MR +CBTC 2;1800;;;T;6.00;25.00;30.00;16;13;NO
L7-207-LTTA-TDAF-022;LTTA;ENCHUFE OPEN SPACE CONTRATISTA MR +CBTC 3;2700;;;T;6.0;25.00;30.00;16;14;NO
L7-207-LTTA-TDAF-022;LTTA;ENCHUFE OPEN SPACE CONTRATISTA MR +CBTC 4;1800;R;;;4.00;25.00;30.00;16;15;NO
L7-207-LTTA-TDAF-022;LTTA;ENCHUFE OPEN SPACE CONTRATISTA MR +CBTC 5;1800;R;;;4.0;25.00;30.00;16;16;NO
L7-207-LTTA-TDAF-022;LTTA;CONTROL EXTRACTORES;100;;S;;-;;;10;17;NO
L7-207-LTTA-TDAF-022;LTTA;ENCHUFE SALA 2, GERENTE MR, SECRETARIAS;2700;;S;;10.0;25.00;30.00;16;18;NO
L7-207-LTTA-TDAF-022;LTTA;ENCHUFE REUNIONES 1, PASILLO, PERMANENCIA TECNICOS;2700;;;T;6.0;25.00;30.00;16;19;NO
L7-207-LTTA-TDAF-022;LTTA;ENCHUFES BAÑOS, ASEO, ARCHIVO, LT SECTOR NORTE;1050;;;T;2.5;25.00;30.00;10;20;NO
L7-207-LTTA-TDAF-022;LTTA;ENCHUFES COCINA NORTE;2850;R;;;2.5;25.00;30.00;16;21;NO
L7-207-LTTA-TDAF-022;LTTA;ENCHUFES BAÑOS, ARCHIVO, BODEGAS SECTOR CENTRAL;1500;R;;;6.0;25.00;30.00;10;22;NO
L7-207-LTTA-TDAF-022;LTTA;ENCHUFES COCINA SECTOR CENTRAL;2850;;S;;4.0;25.00;30.00;16;23;NO
L7-207-LTTA-TDAF-022;LTTA;ENCHUFES SALA REUNIONES 5, 6 Y 7;2700;;S;;10.0;25.00;30.00;16;24;NO
L7-207-LTTA-TDAF-022;LTTA;ENCHUFE OPEN SPACE CONTRATISTA MR +CBTC+COM 1;1800;;;T;6.0;25.00;30.00;16;25;NO
L7-207-LTTA-TDAF-022;LTTA;ENCHUFE OPEN SPACE CONTRATISTA MR +CBTC+COM 2;2400;;;T;16.0;25.00;30.00;16;26;NO
L7-207-LTTA-TDAF-022;LTTA;ENCHUFE OPEN SPACE CONTRATISTA MR +CBTC+COM 3;2700;R;;;16.0;25.00;30.00;16;27;NO
L7-207-LTTA-TDAF-022;LTTA;ENCHUFE OPEN SPACE CONTRATISTA MR +CBTC+COM 4;2400;R;;;10.0;25.00;30.00;16;28;NO
L7-207-LTTA-TDAF-022;LTTA;ENCHUFE OPEN SPACE CONTRATISTA MR +CBTC+COM 5;1800;;S;;10.0;25.00;30.00;16;29;NO
L7-207-LTTA-TDAF-022;LTTA;ENCHUFE OPEN SPACE CONTRATISTA MR +CBTC+COM 6;2100;;S;;10.0;25.00;30.00;16;30;NO
L7-207-LTTA-TDAF-022;LTTA;ENCHUFE OPEN SPACE CONTRATISTA MR +CBTC+COM 7;2700;;;T;16.0;25.00;30.00;16;31;NO
L7-207-LTTA-TDAF-022;LTTA;ENCHUFE OPEN SPACE CONTRATISTA MR +CBTC+COM 8;2700;;;T;16.0;25.00;30.00;16;32;NO
L7-207-LTTA-TDAF-022;LTTA;L7-237-EDST-UIV-B-005-006-007-008;790;R;;;4.0;-;-;10;33;Sí
L7-207-LTTA-TDAF-022;LTTA;ENCHUFES SALA REUNIONES 1, 2, 3 Y 4;2700;R;;;16.0;25.00;30.00;16;34;NO
L7-207-LTTA-TDAF-022;LTTA;ENCHUFES BODEGAS 1 @4, PASILLO, CAMARINES;1650;;S;;16.0;25.00;30.00;10;35;NO
L7-207-LTTA-TDAF-022;LTTA;ENCHUFES COCINA SUR;2850;;S;;16.0;25.00;30.00;16;36;NO
L7-207-LTTA-TDAF-022;LTTA;SECADOR DE MANOS BAÑO NORTE;2000;;;T;2.5;25.00;30.00;16;37;NO
L7-207-LTTA-TDAF-022;LTTA;ALUMB. BAÑOS, PASILLO, CAM., LT, DESCANSO COCINA (11 LUM. DE 12W Y 9 LUM. DE 36W);456;;;T;2.5;-;-;10;38;NO
L7-207-LTTA-TDAF-022;LTTA;ALUMBRADO OPEN SPACE CONT. MR+CBTC+COM 2 (41 LUM. DE 36W);1476;R;;;2.5;-;-;10;39;NO
L7-207-LTTA-TDAF-022;LTTA;ALUMBRADO SALA DE REUNIONES 1, 2, 3 Y 4 (13 LUMINARIAS DE 36W);468;R;;;2.5;-;-;10;40;NO
L7-207-LTTA-TDAF-022;LTTA;RESERVA;;;S;;-;-;-;10;41;NO
L7-207-LTTA-TDAF-022;LTTA;SECADOR DE MANOS BAÑOS NORTE DISCAPACITADOS;1000;;S;;2.5;25.00;30.00;10;42;NO
L7-207-LTTA-TDAF-022;LTTA;ALUMB.SALA REUNIONES, GER. MR, SECRETARIAS, ACCESO (14 LUM DE 36W);540;;;T;2.5;-;-;10;43;NO
L7-207-LTTA-TDAF-022;LTTA;ALUMBRADO OPEN SPACE CONT. MR+CBTC+COM 1 (28 LUMINARIAS DE 36W);1008;;;T;6.0;-;-;10;44;NO
L7-207-LTTA-TDAF-022;LTTA;ALUMBRADO OPEN SPACE NORTE 2 (34 LUMINARIAS DE 36 W);1224;R;;;2.5;-;-;10;45;NO
L7-207-LTTA-TDAF-022;LTTA;ALUMBRADO BAÑOS SECTOR NORTE (11 LUMINARIAS DE 12W Y 2 DE 36W);204;R;;;2.5;-;-;10;46;NO
L7-207-LTTA-TDAF-022;LTTA;ALUMBRADO SALA REUNIONES, PERMANENCIA (9 LUMINARIAS DE 36W);324;;S;;2.5;-;-;10;47;NO
L7-207-LTTA-TDAF-022;LTTA;ALUMBRADO PROYECTOR EXTERIOR ORIENTE;2000;;S;;6.0;25.00;30.00;16;48;NO
L7-207-LTTA-TDAF-022;LTTA;SALA DESCANSO, LT Y PASILLO;750;;;T;6.0;25.00;30.00;10;49;NO
L7-207-LTTA-TDAF-022;LTTA;ALUMB. BAÑOS, SALAS REUN. 5, 6, 7 Y COCINA SECT. CENTRAL (13 LUM. 12W Y 9 DE 36W);480;;;T;2.5;-;-;10;50;NO
L7-207-LTTA-TDAF-022;LTTA;SECADOR DE MANOS CENTRAL DISCAPACITADOS;1000;R;;;6.0;25.00;30.00;10;51;NO
L7-207-LTTA-TDAF-022;LTTA;SECADOR DE MANOS CAMARINES SUR;2000;R;;;16.0;25.00;30.00;10;52;NO
L7-207-LTTA-TDAF-022;LTTA;SECADOR DE MANOS BAÑOS CENTRAL;2000;;S;;16.0;25.00;30.00;10;53;NO
L7-207-LTTA-TDAF-022;LTTA;RESERVA;;;S;;-;-;-;10;54;NO
L7-207-LTTA-TDAF-022;LTTA;RESERVA;;;;T;-;-;-;10;55;NO
L7-207-LTTA-TDAF-022;LTTA;RESERVA;;;;T;-;-;-;10;56;NO
L7-207-LTTA-TDAF-022;LTTA;RESERVA;0;R;;;-;-;-;10;57;NO
L7-207-LTTA-TDAF-022;LTTA;CONTROL DE ALUMBRADO;100;R;;;-;-;-;10;58;NO
L7-207-LTTA-TAE-022;LTTA;AL. EMER. SECTOR BAÑOS Y COC. SECTOR NORTE (5 LUM. DE 12W Y 10 DE 36W);420;R;;;2.5;-;-;10;1;NO
L7-207-LTTA-TAE-022;LTTA;ALUMB. EMERGENCIA SECTOR OPEN SPACE NORTE, OFICINAS, SECRETARIAS (8 LUM. DE 36W);290;R;;;2.5;-;-;10;2;NO
L7-207-LTTA-TAE-022;LTTA;AL. EMER. ESCALERA Y ACC. SECTOR NORTE (8 LUM. 12W, 3 DE 36W));200;;S;;2.5;-;-;10;3;NO
L7-207-LTTA-TAE-022;LTTA;AL. EMER. SECTOR BAÑOS Y COCINA SECTOR CTRAL, O.S. SALA CONTING.Y BOD. METRO (2 LUM. DE 12W Y 11 DE 36W);420;;S;;2.5;-;-;10;4;NO
L7-207-LTTA-TAE-022;LTTA;ALUMB. EMERG.. SALA DE REUNIONES Y BODEGAS SECTOR CENTRAL (8 LUM. 36W);290;;;T;2.5;-;-;10;5;NO
L7-207-LTTA-TAE-022;LTTA;ALUMB. EMERG. SECTOR SUR, BODEGAS, SALA REUNIONES (5 LUM. 36W);180;;;T;2.5;-;-;10;6;NO
L7-207-LTTA-TAE-022;LTTA;AL. EMER. BODEGAS Y PASILLOS SECTOR SUR (7 LUMINARIAS DE 36W);250;R;;;2.5;-;-;10;7;NO
L7-207-LTTA-TAE-022;LTTA;ALUMBRADO EMERGENCIA TERCER NIVEL (3 LUM. 17W Y 6 DE 36W);270;R;;;2.5;-;-;10;8;NO
L7-207-LTTA-TAE-022;LTTA;ALUMB. EMER. PASILLOS, TERMOS, CAMARINES, COCINA, SECTOR SUR (2 LUM. 17W Y 5 DE 36W);210;;S;;2.5;-;-;10;9;NO
L7-207-LTTA-TAE-022;LTTA;ENCHUFES SEÑALETICA EMERGENCIA;900;;S;;2.5;25.00;30.00;10;10;NO
L7-207-LTTA-TAE-022;LTTA;RESERVA;;;;T;-;-;-;10;11;NO
L7-207-LTTA-TAE-022;LTTA;CIRCUITO CONTROL DE ALUMBRADO (INTERNO);100;;;T;-;-;-;10;12;NO
L7-207-LTTA-TDF-008;LTTA;UNIDAD VRF SERV. TALLERES NORTE L7-237-EDST-UEV-A-001-1;4533;R;S;T;16;-;-;40;1;Sí
L7-207-LTTA-TDF-008;LTTA;UNIDAD VRF SERVICIOS TALLERES SUR L7-237-EDST-UEV-A-001-2;4533;R;S;T;16;-;-;40;2;Sí
L7-207-LTTA-TDF-008;LTTA;UNIDAD VRF SERVICIOS TALLERES SUR L7-237-EDST-UEV-A-001-3;4533;R;S;T;16;-;-;40;3;Sí
L7-207-LTTA-TDF-008;LTTA;UNIDAD VRF SERVICIOS TALLERES SUR L7-237-EDST-UEV-B-001-1;7000;R;S;T;35;-;-;63;4;Sí
L7-207-LTTA-TDF-008;LTTA;UNIDAD VRF SERVICIOS TALLERES SUR L7-237-EDST-UEV-B-001-2;7000;R;S;T;35;-;-;63;5;Sí
L7-207-LTTA-TDF-008;LTTA;UNIDAD VRF SERVICIOS TALLERES SUR L7-237-EDST-UEV-B-001-3;4333;R;S;T;25;-;-;40;6;Sí
L7-207-LTTA-TDF-008;LTTA;RESERVA;;R;S;T;-;-;-;63;7;NO
L7-207-LTTA-TDF-008;LTTA;RESERVA;0;R;S;T;-;-;-;40;8;NO
L7-207-LTTA-TDF-008;LTTA;RESERVA;0;R;S;T;-;-;-;40;9;NO
L7-207-LTTA-TDF-008;LTTA;RESERVA;0;R;S;T;-;-;-;63;10;NO
L7-207-LTTA-TAE-001;LTTA;RESERVA;;R;;;-;-;-;10;1;NO
L7-207-LTTA-TAE-001;LTTA;RESERVA;;R;;;-;-;-;10;2;NO
L7-207-LTTA-TAE-001;LTTA;ALUMBRADO EMERGENCIA FOSO 1 (16 LUMINARIAS DE 17W);270;;S;;2.5;25.00;30.00;10;3;NO
L7-207-LTTA-TAE-001;LTTA;ALUMBRADO EMERGENCIA FOSO 2 (16 LUMINARIAS DE 17W);270;;S;;2.5;25.00;30.00;10;4;NO
L7-207-LTTA-TAE-001;LTTA;ALUMBRADO EMERGENCIA FOSO 3 (16 LUMINARIAS DE 17W);270;;;T;2.5;25.00;30.00;10;5;NO
L7-207-LTTA-TAE-001;LTTA;ALUMBRADO EMERGENCIA FOSO 4 (16 LUMINARIAS DE 17W);270;;;T;2.5;25.00;30.00;10;6;NO
L7-207-LTTA-TAE-001;LTTA;ALUMBRADO EMERGENCIA TORNO FOSO (8 LUM. 17 Y 4 DE 190W);900;R;;;10.0;-;-;10;7;NO
L7-207-LTTA-TAE-001;LTTA;RESERVA;;R;;;-;25.00;30.00;10;8;NO
L7-207-LTTA-TAE-001;LTTA;ALUMBRADO EMERGENCIA PLATAFORMA GRUAS 2 (15 LUM. 36W);540;;S;;6.0;-;-;10;9;NO
L7-207-LTTA-TAE-001;LTTA;ALUMBRADO EMERGENCIA BAJO PLATAFORMA 1 (6 LUM. 36W);220;;S;;4.0;-;-;10;10;NO
L7-207-LTTA-TAE-001;LTTA;ALUMBRADO EMERGENCIA BAJO PLATAFORMA 2 (6 LUM. 36W);220;;;T;4.0;-;-;10;11;NO
L7-207-LTTA-TAE-001;LTTA;ALUMBRADO EMERGENCIA PLATAFORMA GRUAS 1 (15 LUM. 36W);540;;;T;6.0;-;-;10;12;NO
L7-207-LTTA-TAE-001;LTTA;ALUMBRADO EMERGENCIA FOSO VIA ARMADO Y DESARMADO BOGIES (4 LUM. DE 17W);70;R;;;2.5;25.00;30.00;10;13;NO
L7-207-LTTA-TAE-001;LTTA;RESERVA;;R;;;-;-;-;10;14;NO
L7-207-LTTA-TAE-001;LTTA;ALUMBRADO EMERGENCIA BAÑOS, PASILLO, TALLER METEOR. (6 LUM 12W Y 9 DE 36W);400;;S;;6.0;-;-;10;15;NO
L7-207-LTTA-TAE-001;LTTA;ALUM. EMER. NAVE SOPLADO, HASTA TALLER RELES (26 LUM. DE 36W);940;;S;;10.0;-;-;10;16;NO
L7-207-LTTA-TAE-001;LTTA;ALUMBRADO CABINA ASCENSOR (1 LUMINARIA DE 12W);10;;;T;2.5;-;-;10;17;NO
L7-207-LTTA-TAE-001;LTTA;ALUM. EMERG. BAÑOS, HERR. Y TALLERES, COMP. ELEC. (6 LUM 12W Y 11 DE 36W);470;;;T;4.0;-;-;10;18;NO
L7-207-LTTA-TAE-001;LTTA;ALUMBRADO EMERGENCIA BAÑOS PONIENTE (4 LUMINARIAS DE 12W);50;R;;;2.5;-;-;10;19;NO
L7-207-LTTA-TAE-001;LTTA;RESERVA;;R;;;-;-;-;10;20;NO
L7-207-LTTA-TAE-001;LTTA;ALUMBRADO EMERGENCIA FOSOS GRAN REVISION 2 (12 LUMINARIAS DE 17W);200;;S;;2.5;-;-;10;21;NO
L7-207-LTTA-TAE-001;LTTA;ALUMBRADO EMERGENCIA FOSOS GRAN REVISION 3 (12 LUMINARIAS DE 17W);200;;S;;2.50;-;-;10;22;NO
L7-207-LTTA-TAE-001;LTTA;PANEL INCENDIO TALLER;500;;;T;2.5;-;-;10;23;NO
L7-207-LTTA-TAE-001;LTTA;ALUMBRADO EMERGENCIA FOSOS GRAN REVISION 4 (12 LUMINARIAS DE 17W);200;;;T;2.50;-;-;10;24;NO
L7-207-LTTA-TAE-001;LTTA;RESERVA;;R;;;-;25.00;30.00;10;25;NO
L7-207-LTTA-TAE-001;LTTA;ALIMENTACIÓN TABLERO DE COMUNICACIONES L7-207-LTTA-COM-004;500;R;;;2.50;-;-;10;26;NO
L7-207-LTTA-TAE-001;LTTA;ALUMBRADO EMERGENCIA BAÑOS NORTE (4 LUMINARIAS DE 12W);50;;S;;2.5;-;-;10;27;NO
L7-207-LTTA-TAE-001;LTTA;ALUMBRADO FOSO Y SHAFT ASCENSOR (5 LUMINARIAS DE 17W);90;;S;;2.50;25.00;30.00;10;28;NO
L7-207-LTTA-TAE-001;LTTA;ALUMBRADO EMERGENCIA FOSOS GRAN REVISION 5 (12 LUMINARIAS DE 17W);200;;;T;2.5;-;-;10;29;NO
L7-207-LTTA-TAE-001;LTTA;ALUMBRADO EMERGENCIA FOSOS GRAN REVISION 1 (12 LUMINARIAS DE 17W);200;;;T;2.50;-;-;10;30;NO
L7-207-LTTA-TAE-001;LTTA;L7-207-CAB3-TAE-001;87;R;S;T;4.0;-;-;20;31;NO
L7-207-LTTA-TAE-001;LTTA;L7-207-CAB4-TAE-001;253;R;S;T;10.00;-;-;20;32;NO
L7-207-LTTA-TAE-001;LTTA;ASCENSOR;2767;R;S;T;25.0;-;-;32;33;NO
L7-207-LTTA-TAE-001;LTTA;ALUMBRADO EMERGENCIA GALPÓN (24 LUMINARIAS DE 190W);1520;R;S;T;10;-;-;32;34;NO
L7-207-LTTA-TAE-001;LTTA;ALUM. EMERGENCIA GALPÓN MANT. MENOR (24 LUM. 190W);1520;R;S;T;10.0;-;-;32;35;NO
L7-207-LTTA-TAE-001;LTTA;ENCHUFES SEÑALÉTICA EMERGENCIA;1200;R;S;T;10;25.00;30.00;10;36;NO
L7-207-LTTA-TAE-001;LTTA;RESERVA;;R;S;T;-;-;-;32;37;NO
L7-207-LTTA-TAE-001;LTTA;RESERVA;;R;S;T;-;-;-;10;38;NO
L7-207-LTTA-TAE-001;LTTA;RESERVA;;R;S;T;-;-;-;10;39;NO
L7-207-LTTA-TAE-001;LTTA;RESERVA;;R;S;T;-;-;-;10;40;NO
L7-207-LTTA-TDF-009;LTTA;ENCHUFE L7-207-LTTA-PE-100 TALLER METROLOGÍA;5000;R;S;T;8.0;-;-;32;1;NO
L7-207-LTTA-TDF-009;LTTA;ENCHUFE L7-207-LTTA-PE-101 TALLER REV. RODAMIENTOS;5000;R;S;T;8.0;-;-;32;2;NO
L7-207-LTTA-TDF-009;LTTA;ENCHUFE L7-207-LTTA-PE-102 NAVE SOPLADO;5000;R;S;T;8.0;-;-;32;3;NO
L7-207-LTTA-TDF-009;LTTA;ENCHUFE L7-207-LTTA-PE-103 TALLER SOLDADURA;5000;R;S;T;10.0;-;-;32;4;NO
L7-207-LTTA-TDF-009;LTTA;ENCHUFE L7-207-LTTA-PE-104 TALLER PREPARACIÓN PINTURA;5000;R;S;T;10.0;-;-;32;5;NO
L7-207-LTTA-TDF-009;LTTA;ENCHUFE L7-207-LTTA-PE-105 TALLER RELÉS Y PQUEÑOS COMPONENTES;1000;R;S;T;10.0;-;-;32;6;NO
L7-207-LTTA-TDF-009;LTTA;ENCHUFE L7-207-LTTA-PE-106 TALLER EQ. ELÉC. DE POTENCIA;1000;R;S;T;10.0;-;-;32;7;NO
L7-207-LTTA-TDF-009;LTTA;ENCHUFE L7-207-LTTA-PE-107 TALLER REV. COMPONENTES ELECTRÓNICOS;1000;R;S;T;10.0;-;-;32;8;NO
L7-207-LTTA-TDF-009;LTTA;ENCHUFE L7-207-LTTA-PE-108 HERRAMIENTAS COLECTIVAS;1000;R;S;T;10.0;-;-;32;9;NO
L7-207-LTTA-TDF-009;LTTA;ESTACIÓN L7-207-LTTA-PE-200 PAÑOL;1000;R;S;T;10.0;-;-;32;10;NO
L7-207-LTTA-TDF-009;LTTA;ENCHUFE L7-207-LTTA-PE-201 ALMACEN DE PRUEBAS Y HERR. Y MEDICIÓN;1000;R;S;T;10.0;-;-;32;11;NO
L7-207-LTTA-TDF-009;LTTA;ENCHUFE L7-207-LTTA-PE-202 ALMACEN HERRAMIENTAS COLECTIVAS;1000;R;S;T;10.0;-;-;32;12;NO
L7-207-LTTA-TDF-009;LTTA;ENCHUFE L7-207-LTTA-PE-203 TALLER ELECTRÓNICO;1000;R;S;T;10.0;-;-;32;13;NO
L7-207-LTTA-TDF-009;LTTA;ENCHUFE L7-207-LTTA-PE-204 TALLER MECÁNICO;1000;R;S;T;10.0;-;-;32;14;NO
L7-207-LTTA-TDF-009;LTTA;ENCHUFE L7-207-LTTA-PE-205 TALLER BATERÍAS;1000;R;S;T;10.0;-;-;32;15;NO
L7-207-LTTA-TDF-009;LTTA;ENCHUFE L7-207-LTTA-PE-206 TALLER PINTURA;1000;R;S;T;10.0;-;-;32;16;NO
L7-207-LTTA-TDF-009;LTTA;ENCHUFE L7-207-LTTA-PE-207 OFICINA CONTRATISTA ASEO;1000;R;S;T;10.0;-;-;32;17;NO
L7-207-LTTA-TDF-009;LTTA;ENCHUFE L7-207-LTTA-PE-208 LOCAL TÉCNICO;1000;R;S;T;-;-;-;32;18;NO
L7-207-LTTA-TDF-009;LTTA;RESERVA;0;R;S;T;-;-;-;32;19;NO
L7-207-LTTA-TDF-009;LTTA;L7-207-LTTA-TDAF-010, TALLER METEOROLOGÍA;6600;R;S;T;8.0;-;-;40;20;NO
L7-207-LTTA-TDF-009;LTTA;RESERVA;0;R;S;T;-;-;-;32;21;NO
L7-207-LTTA-TDF-009;LTTA;RESERVA;0;R;S;T;-;-;-;32;22;NO
L7-207-LTMI-TDF-002;LTMI;PUENTE GRUA L7-237-TALL-PGR-011;5000;R;S;T;16;-;-;32;1;NO
L7-207-LTMI-TDF-002;LTMI;RESERVA;0;R;S;T;-;-;-;10;2;NO
L7-207-LTMI-TDF-002;LTMI;RESERVA;0;R;S;T;-;-;-;10;3;NO
L7-207-LTMI-TDF-002;LTMI;RESERVA;0;R;S;T;-;-;-;10;4;NO
L7-207-LTMI-TAE-001;LTMI;AIRE EXTERIOR L7-E00-EFMI-VEC-001 EXTRACCIÓN BATERÍAS;17;R;S;T;2.5;25.00;30.00;10;1;Sí
L7-207-LTMI-TAE-001;LTMI;SEÑALÉTICA DE EMERGENCIA EDIFICIO INFRAESTRUCTURAS (18 LUM. 150W);900;R;S;T;4;25.00;30.00;16;2;NO
L7-207-LTMI-TAE-001;LTMI;RESERVA;0;R;S;T;-;-;-;16;3;NO
L7-207-LTMI-TAE-001;LTMI;RESERVA;0;R;S;T;-;-;-;16;4;NO
L7-207-LTMI-TAE-001;LTMI;ALUMBRADO DE EMERGENCIA TRACK MOBILE (2 LUM. 36W);70;R;;;2.5;-;-;10;5;NO
L7-207-LTMI-TAE-001;LTMI;ALUB. EMERG. BAÑOS SECTOR PTE. TALLER REV. V&C, BOD. Y MANT. TRENES (10 LUM. 12W, 5 LUM. 17W);210;R;;;2.5;-;-;10;6;NO
L7-207-LTMI-TAE-001;LTMI;CIRCUITO CONTROL DE ALUMBRADO;100;;S;;2.5;-;-;10;7;NO
L7-207-LTMI-TAE-001;LTMI;ALUMNRADO EMERGENCIA ESTANQUE COMBUSTIBLE (1 LUM. 140W);140;;S;;2.5;-;-;10;8;NO
L7-207-LTMI-TAE-001;LTMI;ALUMBRADO SALA BATERÍAS (1 LUM. 29W);30;;;T;2.5;25.00;30.00;10;9;NO
L7-207-LTMI-TAE-001;LTMI;AL. EMERG. OPEN SPACE ENER. BOD., BAT. TALLER, BOD. COMM, TALLER REV. PDA (8 LUM. 15W, 5 LUM. 17W, 2 LUM. 36W);280;;;T;2.5;-;-;10;10;NO
L7-207-LTMI-TAE-001;LTMI;AL. EMERG. O, SPACE ENERGÍA, BOD, TALLER, BOD. COMM, TALLER PDA (4 LUM. 12W, 2 LUM. 17W, 3 LUM. 36W);190;R;;;2.5;-;-;10;11;NO
L7-207-LTMI-TAE-001;LTMI;ALUMB. BAÑOS OTE, CAMARINES, LT Y BOD. Y PASILLO (5 LUM. 12W, 3 LUM. 17W);110;R;;;2.5;-;-;10;12;NO
L7-207-LTMI-TAE-001;LTMI;ALUMBRADO EMERG. TALLER MANT. (3 LUM. 190W);570;;S;;4;-;-;10;13;NO
L7-207-LTMI-TAE-001;LTMI;TABLERO COMUNICACIONES L7-207-LTMI-COM-002;500;;S;;2.5;-;-;10;14;NO
L7-207-LTMI-TAE-001;LTMI;ENCHUFES SEÑALETICA EMERGENCIA TRACTOR FERROVIARIO;300;;;T;2.5;-;-;10;15;NO
L7-207-LTMI-TAE-001;LTMI;RESERVA;0;;;T;-;-;-;10;16;NO
L7-207-LTTA-TAE-020;LTTA;AL. EMER. LT TALLER ELECTRÓ. ALMAC. HERR. ASEO, PAS. PAÑOL Y PRBA. HERR (14 LUM. 17 Y6 DE9W);290;R;;;2.5;-;-;10;1;NO
L7-207-LTTA-TAE-020;LTTA;L7-237-EDST-VEC-001 EXTRACTOR TALLER BATERÍAS SECTOR NORTE;200;R;;;2.5;25.00;30.00;10;2;Sí
L7-207-LTTA-TAE-020;LTTA;ENCHUFES SEÑALETICA VÍAS DE EVACUACIÓN;1650;;S;;2.5;25.00;10.00;10;3;NO
L7-207-LTTA-TAE-020;LTTA;ALUMB. EMER. R. TÉCNICO, BATERIAS. PASILLO TALLER, BAÑOS (13 LUM. 17W Y 2 DE 36W);290;;S;;2.5;25.00;30.00;10;4;NO
L7-207-LTTA-TAE-020;LTTA;ALUMBRADO EMERGENCIA BODEGA (9 LUM. 17W);150;;;T;2.5;-;-;10;5;NO
L7-207-LTTA-TAE-020;LTTA;ALIMENTACIÓN L7-207-LTTA-TCA-001;100;;;T;2.5;-;-;10;6;NO
L7-207-LTTA-TAE-020;LTTA;ALIMENTACIÓN L7-207-LTTA-TCA-002;100;R;;;2.5;-;-;10;7;NO
L7-207-LTTA-TAE-020;LTTA;ALUM. EMER. BAÑOS, PASILLOS Y CAM. 1° PISO SUR (10 LUM. 12W, 2 DE 17W, 3 DE36W, 6 DE 9W);320;R;;;2.5;-;-;10;8;NO
L7-207-LTTA-TAE-020;LTTA;RESERVA;;;S;;-;-;-;10;9;NO
L7-207-LTTA-TAE-020;LTTA;RESERVA;;;S;;-;-;-;10;10;NO
L7-207-LTTA-TAE-020;LTTA;RESERVA;;;;T;-;-;-;20;11;NO
L7-207-LTTA-TAE-020;LTTA;CIRCUITO COONTROL DE ALUMBRADO;100;;;T;2.5;-;-;10;12;NO
L7-207-LTTA-TAE-020;LTTA;L7-207-LTTA-TAE-022;1176;R;S;T;2.5;-;-;20;13;NO
L7-207-LTTA-TAE-020;LTTA;RESERVA;;R;S;T;-;-;-;20;14;NO
